"content","person_id","name","type","party","now"
"持續督促彰化台鐵舊宿舍群、中興莊及南瑤宮修復工程，促進彰化地方文化觀光發展。",436,"黃秀芳","legislator","民主進步黨","y"
"爭取經費協助縣府改善消防人力與設備。",436,"黃秀芳","legislator","民主進步黨","y"
"持續爭取經費進行自來水延管工程，提高自來水普及率，家家戶戶供水無虞。",436,"黃秀芳","legislator","民主進步黨","y"
"持續督促貓羅溪芬園鄉縣庄段堤防整建及台化街下水道工程，改善遇雨成災問題。",436,"黃秀芳","legislator","民主進步黨","y"
"完善公共化住院照護，爭取住院看護全面納健保，減輕家庭照護負擔。",436,"黃秀芳","legislator","民主進步黨","y"
"督促政府持續推動有感減稅政策，單身族、雙薪家庭及育兒家庭皆受惠。",436,"黃秀芳","legislator","民主進步黨","y"
"堅持台灣主權，捍衛民主自由，推動台灣成為正常化國家。",436,"黃秀芳","legislator","民主進步黨","y"
"持續關注、推動農民友善福利政策，擴大農業保險範圍，務農不用再看天吃飯，落實保障農民權益。",436,"黃秀芳","legislator","民主進步黨","y"
"持續爭取經費，並監督縣府落實大埔截水溝堤岸道路及花壇排水防災改善等重大工程。",436,"黃秀芳","legislator","民主進步黨","y"
"持續促成中央政府與縣府推動彰化市鐵路高架化及台中捷運綠線延伸工程。",436,"黃秀芳","legislator","民主進步黨","y"
"持續爭取經費改善道路鋪面及護欄設施並增加停車空間。",436,"黃秀芳","legislator","民主進步黨","y"
"督促政府落實長照政策與配套措施，並爭取彰化在地長照資源，減輕照護家庭負擔。",436,"黃秀芳","legislator","民主進步黨","y"
"督促政府推動多元住宅方案，持續提升彰化社會住宅比例，滿足在地居住需求，吸引青年回流。",436,"黃秀芳","legislator","民主進步黨","y"
"爭取經費整建老舊校舍及體育設施，教具全面升級，優化教學環境。",436,"黃秀芳","legislator","民主進步黨","y"
"督促政府加強查緝詐騙及人囗販運事件，防止民眾陷入新型態犯罪的陷阱。",436,"黃秀芳","legislator","民主進步黨","y"
"積極爭取開放農事操作移工，解決農業勞動不足之缺工問題。",838,"邱鎮軍","legislator","中國國民黨",NA
"推動物流與倉儲平台機制，擴大海內外銷售通路，創造穩定獲利商機。",838,"邱鎮軍","legislator","中國國民黨",NA
"加速完成國道1號頭份第二交流道。",838,"邱鎮軍","legislator","中國國民黨",NA
"推動由中央統一補助國中小學免費營養午餐，並責令行政院整合教育部國教署、衛福部食藥署、農業部及各地縣市政府，共同為營養午餐之衛生安全及品質把關。",838,"邱鎮軍","legislator","中國國民黨",NA
"修訂農業保險機制，降低農損補助門檻。",838,"邱鎮軍","legislator","中國國民黨",NA
"爭取升級完全中學，編制國立大學附屬中學。",838,"邱鎮軍","legislator","中國國民黨",NA
"縮短長照服務審核流程，加速立法通過長期照顧保險法。",838,"邱鎮軍","legislator","中國國民黨",NA
"推動80歲以上免巴氏量表即可申請移工看護。",838,"邱鎮軍","legislator","中國國民黨",NA
"爭取興建苗栗縣立圖書館總館及頭份城市圖書館。",838,"邱鎮軍","legislator","中國國民黨",NA
"發展整備地方創生、城鄉特色產業、觀光旅遊環境及營造原民部落、客庄產業多元發展。",838,"邱鎮軍","legislator","中國國民黨",NA
"全額補助中、低收入戶醫療費用及罕見遺傳疾病病人維持生命所需之緊急醫療有關之費用。",838,"邱鎮軍","legislator","中國國民黨",NA
"修訂中央統籌分配款機制，以達公平正義。",838,"邱鎮軍","legislator","中國國民黨",NA
"推動修訂兒少四法，建立狼師惡師退場機制，反校園霸凌。",838,"邱鎮軍","legislator","中國國民黨",NA
"爭取國道4號設置簡易出口閘道，方便卓蘭鄉親通行及農產運輸。",838,"邱鎮軍","legislator","中國國民黨",NA
"爭取台72線銜接國道1號高架道路，便捷交通網路。",838,"邱鎮軍","legislator","中國國民黨",NA
"打造苗栗縣成為台灣客家首都，傳承永續發展客家文化。",838,"邱鎮軍","legislator","中國國民黨",NA
"協助縣府推動設立教學醫院及派遣主治醫師以上團隊駐診及在地醫院升級，提升苗栗門診醫療品質。",838,"邱鎮軍","legislator","中國國民黨",NA
"加速推動苗栗新矽谷計畫，引進航太產業進駐，擴大上中下游供應鏈與高科技人才就業",838,"邱鎮軍","legislator","中國國民黨",NA
"推動中央統一補助生產及育兒津貼。",838,"邱鎮軍","legislator","中國國民黨",NA
"訂定地方政府創稅獎勵金回饋機制。",838,"邱鎮軍","legislator","中國國民黨",NA
"完備托育量能：爭取經費加強托育體系提升公托量能",413,"王美惠","legislator","民主進步黨","y"
"將高鐵與台鐵串連成路網，嘉義高鐵站至市中心輕軌交通，提供更便捷的大眾運輸。",413,"王美惠","legislator","民主進步黨","y"
"爭取經費改善各級學校設施設備，營造優良成長學習環境。",413,"王美惠","legislator","民主進步黨","y"
"爭取嘉義市圖書總館興建，提升嘉義市文教環境品質。",413,"王美惠","legislator","民主進步黨","y"
"文化觀光振興：完善商圈發展，強化嘉義整體觀光量能、提升歷史建築的文化價值",413,"王美惠","legislator","民主進步黨","y"
"完成建設地方：持續爭取降低鐵路高架化地方配合款，爭取中央提高補助比例。",413,"王美惠","legislator","民主進步黨","y"
"爭取更新民生設施：電纜電線全面地下化、老舊自來水管汰換，提高生活品質",413,"王美惠","legislator","民主進步黨","y"
"推動樂齡家園、守護醫療長照社福：強化對長者於居家、社區、機構、醫療與社福機構照顧。爭取擴大嘉義醫療服務量能。",413,"王美惠","legislator","民主進步黨","y"
"解決交通困境，爭取新建停車場",413,"王美惠","legislator","民主進步黨","y"
"防洪治水後，美化溪流沿岸，讓已擺脫淹水之苦的鹽水溪、三爺溪、二仁溪沿岸，更加親
水宜居。",412,"王定宇","legislator","民主進步黨","y"
"建構便捷交通網。督促政府早日完成台 86 線延伸、打通東區仁和路至仁德勝利路，整合中
央、地方資源，儘速完成捷運建設。",412,"王定宇","legislator","民主進步黨","y"
"守護台灣主權，強化國防自主，提升與國際民主陣營的安全合作。",412,"王定宇","legislator","民主進步黨","y"
"守護國家、建設地方、服務人民。",412,"王定宇","legislator","民主進步黨","y"
"鏈結東區雄厚教育、工商底蘊與南關線綠能科技發展潛力，讓串連東區東門路、南關線中
山路的 182 線，成為南臺灣最亮眼的新廊帶。",412,"王定宇","legislator","民主進步黨","y"
"監督政府，縮短沙崙綠能智慧科學城後續醫療產業園區、工業區建設期程、讓沙崙科學城
外溢效應，迅速擴及東區、龍崎、關廟、仁德各地區。",412,"王定宇","legislator","民主進步黨","y"
"教育優先，持續校園軟硬體設施優化，讓孩童擁有友善的成長學習環境。",412,"王定宇","legislator","民主進步黨","y"
"持續推進南山截水溝三期",461,"顏寬恒","legislator","中國國民黨",NA
"擴大接管增自來水普及率",461,"顏寬恒","legislator","中國國民黨",NA
"提升照服員福利",461,"顏寬恒","legislator","中國國民黨",NA
"增設海線屯區新住民服務中心",461,"顏寬恒","legislator","中國國民黨",NA
"爭取海線鐵路雙軌高架化",461,"顏寬恒","legislator","中國國民黨",NA
"一區一公立日照",461,"顏寬恒","legislator","中國國民黨",NA
"提高生育、托育補助",461,"顏寬恒","legislator","中國國民黨",NA
"推動科技長照普及",461,"顏寬恒","legislator","中國國民黨",NA
"大肚生活圈四號道路",461,"顏寬恒","legislator","中國國民黨",NA
"推廣定點臨托設施布建",461,"顏寬恒","legislator","中國國民黨",NA
"加強食安管控、食品供應資訊公開透明、加重不實罰則",461,"顏寬恒","legislator","中國國民黨",NA
"調整不合理貨物稅課稅制度",461,"顏寬恒","legislator","中國國民黨",NA
"爭取海線地區老舊電網優先汰換",461,"顏寬恒","legislator","中國國民黨",NA
"推動放寬凍卵限制門檻",461,"顏寬恒","legislator","中國國民黨",NA
"加速社會住宅建設、納入多元房源",461,"顏寬恒","legislator","中國國民黨",NA
"打造濁水溪堤防南側道路",409,"劉建國","legislator","民主進步黨","y"
"0-6歲國家養2.0",409,"劉建國","legislator","民主進步黨","y"
"再現斗六糖廠新魅力",409,"劉建國","legislator","民主進步黨","y"
"提升校園設施、特教品質",409,"劉建國","legislator","民主進步黨","y"
"爭取百年濁水溪抑制揚塵21.7億元（持續爭取第三期8.1億元）",409,"劉建國","legislator","民主進步黨","y"
"加碼社會住宅",409,"劉建國","legislator","民主進步黨","y"
"督促斗六鐵路高架化",409,"劉建國","legislator","民主進步黨","y"
"全民體育扎根計畫",409,"劉建國","legislator","民主進步黨","y"
"推動營養午餐專法",409,"劉建國","legislator","民主進步黨","y"
"爭取坐月子津貼6萬",409,"劉建國","legislator","民主進步黨","y"
"打造友善校國，减輕教師行政負擔",409,"劉建國","legislator","民主進步黨","y"
"古坑產業加值園區",409,"劉建國","legislator","民主進步黨","y"
"完成149甲清水溪橋興建",409,"劉建國","legislator","民主進步黨","y"
"打造河川綠色廊帶",409,"劉建國","legislator","民主進步黨","y"
"落實勞動職場安全",409,"劉建國","legislator","民主進步黨","y"
"老農津貼再加碼，綠色照顧普及化",409,"劉建國","legislator","民主進步黨","y"
"培育跨域產業人才，媒合高齡科技產業",409,"劉建國","legislator","民主進步黨","y"
"AI 智慧產業轉型，持續推動雙技農業",409,"劉建國","legislator","民主進步黨","y"
"打造醫療照護城市",409,"劉建國","legislator","民主進步黨","y"
"周延全齡照顧體系，國民年金再加碼",409,"劉建國","legislator","民主進步黨","y"
"推動樂齡觀光巴士",409,"劉建國","legislator","民主進步黨","y"
"古坑側車道向北延伸",409,"劉建國","legislator","民主進步黨","y"
"西螺果菜市場升級國家级智能市場",409,"劉建國","legislator","民主進步黨","y"
"設立斗南鐵道文化園區",409,"劉建國","legislator","民主進步黨","y"
"成立跨域青農陪伴育成中心",409,"劉建國","legislator","民主進步黨","y"
"彈性育嬰假",409,"劉建國","legislator","民主進步黨","y"
"加速農水路溝渠改善，推動危老重建",409,"劉建國","legislator","民主進步黨","y"
"世界客家博覽會在崙背",409,"劉建國","legislator","民主進步黨","y"
"推動長照3.0",409,"劉建國","legislator","民主進步黨","y"
"加速國5銜接蘇花改，解決蘇澳市區塞車；東澳 - 南澳路廊截彎取直，蘇澳到花蓮1小時。（「督促未來5年6000億元建設」子項目）",8294,"陳俊宇","legislator","民主進步黨",NA
"修改政黨法，政黨名稱不得冠有他國國名，或足以使人誤認為他國之政黨。",8294,"陳俊宇","legislator","民主進步黨",NA
"各類社會保險投保年資併計，政府應負最終給付責任。",8294,"陳俊宇","legislator","民主進步黨",NA
"爭取陽交大醫學院遷校宜蘭，增加經費改善醫療設施，提升醫療品質成為醫學中心。",8294,"陳俊宇","legislator","民主進步黨",NA
"T-PASS 通勤月票常態化。（「督促未來5年6000億元建設」子項目）",8294,"陳俊宇","legislator","民主進步黨",NA
"訂定中共代理人法，嚇阻中國滲透。",8294,"陳俊宇","legislator","民主進步黨",NA
"加速台2庚山腳觀光道路開闢。（「督促未來5年6000億元建設」子項目）",8294,"陳俊宇","legislator","民主進步黨",NA
"提高公糧收購價格，每公斤增加3元，每4年定期檢討；公糧收購納入有機米。",8294,"陳俊宇","legislator","民主進步黨",NA
"爭取老舊漁船收購、釋出船席，發展海上休閒運動。",8294,"陳俊宇","legislator","民主進步黨",NA
"立法院應邀請總統進行國情報告，依憲法精神不答詢。",8294,"陳俊宇","legislator","民主進步黨",NA
"改善國五壅塞：北宜高鐵10年完工，爭取第二條北宜快速道路（台62線），台北 - 礁溪55分鐘。（「督促未來5年6000億元建設」子項目）",8294,"陳俊宇","legislator","民主進步黨",NA
"縣市議會增設不分區政黨代表席次，以利青年及專業人士參政。",8294,"陳俊宇","legislator","民主進步黨",NA
"加速完成鐵路高架。（「督促未來5年6000億元建設」子項目）",8294,"陳俊宇","legislator","民主進步黨",NA
"檢討區域及不分區立委名額，充分反映多元民意。",8294,"陳俊宇","legislator","民主進步黨",NA
"督促農業部應優先價購收回保安林地承租權，以保障林農權益。",8294,"陳俊宇","legislator","民主進步黨",NA
"堅決反對重啟核四。",8294,"陳俊宇","legislator","民主進步黨",NA
"爭取宜蘭治山防災及橋梁改建，加速蘇澳分洪道工程、農路、野溪整治。",8294,"陳俊宇","legislator","民主進步黨",NA
"推動國營事業及機關正名，鞏固台灣主體性。",8294,"陳俊宇","legislator","民主進步黨",NA
"加速縣內四縱六橫交通路網建構。（「督促未來5年6000億元建設」子項目）",8294,"陳俊宇","legislator","民主進步黨",NA
"爭取成立 「宜蘭國家風景區管理處」，推動宜蘭溫泉大縣計畫，發展觀光。",8294,"陳俊宇","legislator","民主進步黨",NA
"打詐用重法，電信公司應建立查核及調查機制，如有疏失應負連帶賠償責任。",8294,"陳俊宇","legislator","民主進步黨",NA
"增設民安國小地下停車場",452,"蘇巧慧","legislator","民主進步黨","y"
"改建三鶯大橋",452,"蘇巧慧","legislator","民主進步黨","y"
"鶯歌老街翻新",452,"蘇巧慧","legislator","民主進步黨","y"
"鶯歌國小歷史校舍資產活化",452,"蘇巧慧","legislator","民主進步黨","y"
"坡內里、東山里高地自來水通水",452,"蘇巧慧","legislator","民主進步黨","y"
"新莊光華里及民安西路電桿地下化",452,"蘇巧慧","legislator","民主進步黨","y"
"未來推動建立鶯歌藝術學院，培育一流職人，點亮鶯歌工藝城招牌",452,"蘇巧慧","legislator","民主進步黨","y"
"完善鶯歌工藝之家",452,"蘇巧慧","legislator","民主進步黨","y"
"爭取樹林捷運動工",452,"蘇巧慧","legislator","民主進步黨","y"
"鶯歌陶博館升級",452,"蘇巧慧","legislator","民主進步黨","y"
"新設鳳鳴簡易車站、鶯歌車站增設手扶梯",452,"蘇巧慧","legislator","民主進步黨","y"
"推動醫養專區",452,"蘇巧慧","legislator","民主進步黨","y"
"加速柑園都市計畫",452,"蘇巧慧","legislator","民主進步黨","y"
"新樹鶯堤外便道完成",452,"蘇巧慧","legislator","民主進步黨","y"
"新莊民安段綠美化步道",452,"蘇巧慧","legislator","民主進步黨","y"
"爭取三鶯線動工",452,"蘇巧慧","legislator","民主進步黨","y"
"推動地方創生",452,"蘇巧慧","legislator","民主進步黨","y"
"新莊將與樹林共同規劃工業聚落，促使產業再創生並接軌國際",452,"蘇巧慧","legislator","民主進步黨","y"
"汰換新莊民安西路自來水管",452,"蘇巧慧","legislator","民主進步黨","y"
"串聯鐵路沿線產業， 結合大漢溪自然景觀，讓樹林成為鐵道觀光大城",452,"蘇巧慧","legislator","民主進步黨","y"
"台65線浮洲橋增設匝道",452,"蘇巧慧","legislator","民主進步黨","y"
"強健電網，不要動不動停電；推動電線桿下地。",38507,"葉元之","legislator","中國國民黨",NA
"檢討教育制度，讓孩子快樂學習，支持多元社團活動",38507,"葉元之","legislator","中國國民黨",NA
"改良長照制度，提升長者休閒設施，增設優質養老院，申請看護免巴氏量表",38507,"葉元之","legislator","中國國民黨",NA
"檢討交通記點制度，推動友善人本交通，取消區間測速。",38507,"葉元之","legislator","中國國民黨",NA
"加速推動都市更新，浮洲區盡快通過都市計畫，興建汙水下水道",38507,"葉元之","legislator","中國國民黨",NA
"修法杜絕詐騙、守護人民辛苦血汗錢。",38507,"葉元之","legislator","中國國民黨",NA
"文化觀光：打造北投生活環境博物園區・爭取9.8億修復士林北投文化資產",416,"吳思瑤","legislator","民主進步黨","y"
"火山防災：爭取6億打造大屯火山防災應變系统",416,"吳思瑤","legislator","民主進步黨","y"
"優化國教：爭取358億班班有冷氣、200億生生用平板、50億通學巷改善、警養午餐補助史上最高、高中職學費全免上路、全面推勤校園反霸凌",416,"吳思瑤","legislator","民主進步黨","y"
"文化紮根：催生16-22歲青年禮金、深化文化體驗教育。",416,"吳思瑤","legislator","民主進步黨","y"
"交通建設：因應淡北道路交通衡擊，爭取18億關渡新橋分流計畫，監督雙北配套工程",416,"吳思瑤","legislator","民主進步黨","y"
"前瞻建設：爭取27億整建天母棒球場、興建克強公園全民運勤館、開闢石牌福星公國地下停車場、重建稻香市場打造社福中心、保存活化中心新村",416,"吳思瑤","legislator","民主進步黨","y"
"教育平權：修法增加特教預算及人力、立法保障偏鄉教育品質、鬆耕法規支持實驗教育、立法推廣終生學習心",416,"吳思瑤","legislator","民主進步黨","y"
"校園環境：爭取2.3億優化校園建設，校校都有",416,"吳思瑤","legislator","民主進步黨","y"
"前瞻科技：推勤數位轉型、淨零轉型，超前部署太空產業發展、AI 產業佈局，打造台灣成為智慧科技島",416,"吳思瑤","legislator","民主進步黨","y"
"壯大台流：設立公視台語台、改革公共媒體、影視音內容產製升格國家戰略產業",416,"吳思瑤","legislator","民主進步黨","y"
"文化建設：催生《國家電影及視聽文化中心》、《國家漫畫博物館》、《國家兒童未來館》《國家攝影文化中心》、《建築文化中心》",416,"吳思瑤","legislator","民主進步黨","y"
"社會照護：完善士北150處長照據點，130處公共化幼托",416,"吳思瑤","legislator","民主進步黨","y"
"文化投資：爭取史上最高文化預算，成立文化發展基金，催生「文策院」、「設計研究院」，建構文化金融制度。",416,"吳思瑤","legislator","民主進步黨","y"
"強健體育：推勤體育改革，催生國家運動科學中心，優化奧運黃金計畫，擴大培育運功人才，研議成立體育暨運動發展部",416,"吳思瑤","legislator","民主進步黨","y"
"文化保存：催生前瞻建設265億文化生活圈計畫，促進系统性保存有形及無形文資",416,"吳思瑤","legislator","民主進步黨","y"
"前瞻高教：催生10年83億大學新宿舍運動、爭取私校學費補助每年减免3.5萬、大專教授全面調薪、就學貸款條件放寬、留學補助全面提升、大學心理健康支持方案、不良私校退場、設立百億學生海外圓夢基金",416,"吳思瑤","legislator","民主進步黨","y"
"產業發展：推動北投士林科技園區開發，爭取臺灣科技新創基進駐",416,"吳思瑤","legislator","民主進步黨","y"
"居住正義：爭取中央5處社會住宅進駐士北",416,"吳思瑤","legislator","民主進步黨","y"
"監督東豐快復建進度，爭取銜接社129線，力拚2025年完成東勢石岡段，2027年全線通車",390,"江啟臣","legislator","中國國民黨","y"
"爭取農業設備、天災農損補助，擴大農友保障",390,"江啟臣","legislator","中國國民黨","y"
"監督「白冷圳節餘水利用計畫」工程進度",390,"江啟臣","legislator","中國國民黨","y"
"推動80歲以上及70歲以上癌症二期長者，申請外籍看護免巴氏量表",390,"江啟臣","legislator","中國國民黨","y"
"開闢多元農產品銷售通道，強化農業發展韌性",390,"江啟臣","legislator","中國國民黨","y"
"緊盯不法農產進口查緝，杜絕非法農產於境外",390,"江啟臣","legislator","中國國民黨","y"
"加速活化東勢林業文化園區，再現林業風華",390,"江啟臣","legislator","中國國民黨","y"
"爭取興建「旱溪堤外自行車道」，完善豐原大道自行車道路網",390,"江啟臣","legislator","中國國民黨","y"
"捍衛居住正義，加速社宅興建",390,"江啟臣","legislator","中國國民黨","y"
"落實氣候變遷因應法，推動2050淨零碳排配套",390,"江啟臣","legislator","中國國民黨","y"
"持續推動危老校舍改建，優化學習環境",390,"江啟臣","legislator","中國國民黨","y"
"推動東勢納入參山國家風景區，整合觀光資源",390,"江啟臣","legislator","中國國民黨","y"
"優化生養環境，讓父母育兒無憂",390,"江啟臣","legislator","中國國民黨","y"
"爭取登錄白冷圳為「重要文化景，申請成爲「臺灣世界遺產潛力點」",390,"江啟臣","legislator","中國國民黨","y"
"實現「豐富專案」計畫，打造運動產業健康園區",390,"江啟臣","legislator","中國國民黨","y"
"鼓勵靑年返鄕在地創業，深耕家鄉靑創力",390,"江啟臣","legislator","中國國民黨","y"
"擴大產業量能，協助在地就業",390,"江啟臣","legislator","中國國民黨","y"
"改善國道一號豐原路段雍塞問題：拓寬后里-大雅路段，增設豐原交流道南出入匝道",390,"江啟臣","legislator","中國國民黨","y"
"爭取新建豐原漆藝館二館，保存發揚漆藝文化",390,"江啟臣","legislator","中國國民黨","y"
"爭取擴建東勢客家文化園區，發揚大埔客家文化",390,"江啟臣","legislator","中國國民黨","y"
"監督中橫復建進度，持續提升中橫便道安全強度，力促回復省道規格",390,"江啟臣","legislator","中國國民黨","y"
"力拚「豐原國民曁兒童運動中心」，2024年完工啟用，打造多功能運動中心",390,"江啟臣","legislator","中國國民黨","y"
"支持「2050淨零排放」，「以核减煤」，「以綠永續」，確保穩定供電，務實發展再生能源。",255,"林德福","legislator","中國國民黨","y"
"推動國土復育，監督政府於2026年完成移撥5百億預算至國土永續發展基金",255,"林德福","legislator","中國國民黨","y"
"支持消防改革，完善救災設備，增補消防人力。",255,"林德福","legislator","中國國民黨","y"
"提高長照服務品質，持續擴大長照服務量能與據點，加強辦理喘息服務，打造長輩及照顧者友善生活環境。",432,"陳秀寳","legislator","民主進步黨","y"
"改善交通品質，強化道路交通安全意識，守護用路人安全。",432,"陳秀寳","legislator","民主進步黨","y"
"依照各式產業需求進行人才培育，推廣職場體驗，畢業即就業，共創產學雙贏。",432,"陳秀寳","legislator","民主進步黨","y"
"延長育嬰留職停薪申請年限並爭取托育延托方案，擴大準公共托育。",432,"陳秀寳","legislator","民主進步黨","y"
"爭取調高老農津貼與放寬排富標準，全面檢視農水路品質，守護農業從業環境。",432,"陳秀寳","legislator","民主進步黨","y"
"擴大青年優惠貸款並持續辦理租金補貼及社宅政策，打造青年宜居環境。",432,"陳秀寳","legislator","民主進步黨","y"
"持續爭取文化資產修復及維護重要古蹟，協助地方文化傳承。",432,"陳秀寳","legislator","民主進步黨","y"
"活絡文化創新產業並結合地方特色，打造獨特文化生活體驗。",432,"陳秀寳","legislator","民主進步黨","y"
"維護國家語言發展，發揚臺灣多元文化特色。",432,"陳秀寳","legislator","民主進步黨","y"
"擴大路網維護能量，順暢六鄉鎮交通，帶動地方觀光經濟發展。",432,"陳秀寳","legislator","民主進步黨","y"
"持續爭取學校建設升級，更新學校設施設備，提供孩子安全的學習環境。",432,"陳秀寳","legislator","民主進步黨","y"
"優化就業環境，吸引青年返鄉扎根，緩解產業缺工問題。",432,"陳秀寳","legislator","民主進步黨","y"
"推動程式及母語教育，符合產業需求及文化傳承，兼顧經濟與文化發展。",432,"陳秀寳","legislator","民主進步黨","y"
"促進產業升級轉型，媒合跨產業合作，兼顧2050淨零排放目標，輔導產業永續發展。",432,"陳秀寳","legislator","民主進步黨","y"
"爭取美港公路高架化3年內動工，縫合路網，提高民眾用路品質。",432,"陳秀寳","legislator","民主進步黨","y"
"推動高風險癌症預防及放寬篩檢。",402,"馬文君","legislator","中國國民黨","y"
"80歲以上長者免除巴氏量表。",402,"馬文君","legislator","中國國民黨","y"
"7-18歲政府扛。",402,"馬文君","legislator","中國國民黨","y"
"定期調漲「農業天災救助額度」。",402,"馬文君","legislator","中國國民黨","y"
"補助凍卵保障生育。",402,"馬文君","legislator","中國國民黨","y"
"開放陸客觀光。",402,"馬文君","legislator","中國國民黨","y"
"疫苗及醫藥採購透明化。",402,"馬文君","legislator","中國國民黨","y"
"繁榮客庄經濟。",402,"馬文君","legislator","中國國民黨","y"
"教育改革，提升競爭力，強化科學、科技、結構、數學和藝術等學習。",402,"馬文君","legislator","中國國民黨","y"
"擴大兒童疫苗補助。",402,"馬文君","legislator","中國國民黨","y"
"提升醫療院所品質。",402,"馬文君","legislator","中國國民黨","y"
"提高育嬰留職津貼。",402,"馬文君","legislator","中國國民黨","y"
"爭取中央經費推動重大交通建設。",402,"馬文君","legislator","中國國民黨","y"
"PM2.5 超標縣市民眾，放寬低劑量電腦斷層掃瞄(LDCT)免費標準。",402,"馬文君","legislator","中國國民黨","y"
"專業問政，監督揭弊，顧民眾權益，向中央發聲，解決民生需要，爭取地方建設。",402,"馬文君","legislator","中國國民黨","y"
"65歲以上免健保費。",402,"馬文君","legislator","中國國民黨","y"
"推動全民運動場館。",402,"馬文君","legislator","中國國民黨","y"
"適時隨物價調漲老農津貼。",402,"馬文君","legislator","中國國民黨","y"
"0-6歲國家養。",402,"馬文君","legislator","中國國民黨","y"
"強化農產運輸公共設施，健全農村基礎建設，發展特色農旅休閒軸帶。",402,"馬文君","legislator","中國國民黨","y"
"引進工商投資優先，驅動青年返鄉。",402,"馬文君","legislator","中國國民黨","y"
"打造觀光旅遊商機。",402,"馬文君","legislator","中國國民黨","y"
"縮小城鄉教育資源差距。",402,"馬文君","legislator","中國國民黨","y"
"為南投農產品找出路， 讓農友有錢賺。",402,"馬文君","legislator","中國國民黨","y"
"縮短公私立學雜費差距。",402,"馬文君","legislator","中國國民黨","y"
"解決農業缺工困境。",402,"馬文君","legislator","中國國民黨","y"
"廣設親子共融公園。",402,"馬文君","legislator","中國國民黨","y"
"持續推動捷運林園線、捷運黃線、國道七號、高屏第二快速道路。",251,"林岱樺","legislator","民主進步黨","y"
"建構科技廊帶，推動中小企業自動化、智慧化，產業升級強化競爭力。",251,"林岱樺","legislator","民主進步黨","y"
"擴大農民保險、導入AI科技、 冷鏈技術，增加農漁民收入。",251,"林岱樺","legislator","民主進步黨","y"
"擴大推行老幼共園兼顧長照幼教。",251,"林岱樺","legislator","民主進步黨","y"
"持續爭取生育津貼、孕婦津貼、 托育補助，打造友善育兒環境。",251,"林岱樺","legislator","民主進步黨","y"
"持續媒合產學合作，培養下一代競爭力。",251,"林岱樺","legislator","民主進步黨","y"
"持續爭取全區防洪治水、造橋鋪路經費，保障居民安全。",251,"林岱樺","legislator","民主進步黨","y"
"國艦國造、國機國造、國氣國運， 打造高雄海洋國際運籌中心。",251,"林岱樺","legislator","民主進步黨","y"
"校園升級、強化教育，持續爭取校園軟硬體建設經費。",251,"林岱樺","legislator","民主進步黨","y"
"強化動物保護，持續推動友善動物環境。",251,"林岱樺","legislator","民主進步黨","y"
"宜居城市、親子共融，爭取特色公園、共融式遊具。",251,"林岱樺","legislator","民主進步黨","y"
"接軌世界、放眼國際，持續推動「校校有外師」雙語教育。",251,"林岱樺","legislator","民主進步黨","y"
"每月5千元「重度失能家庭照顧者津貼」",230,"羅明才","legislator","中國國民黨","y"
"提高育嬰留職津貼",230,"羅明才","legislator","中國國民黨","y"
"新店污水下水道工程1、2期",230,"羅明才","legislator","中國國民黨","y"
"二胎家庭優先住",230,"羅明才","legislator","中國國民黨","y"
"爭取新店污水下水道工程3、4期",230,"羅明才","legislator","中國國民黨","y"
"4 戶以上囤房課稅，還止炒房",230,"羅明才","legislator","中國國民黨","y"
"寶高智慧園區1期",230,"羅明才","legislator","中國國民黨","y"
"新店行政園區(含運動中心)",230,"羅明才","legislator","中國國民黨","y"
"青年購屋低利貸款增至1200萬元",230,"羅明才","legislator","中國國民黨","y"
"幼教投資加倍",230,"羅明才","legislator","中國國民黨","y"
"爭取坪林國中地下停車場",230,"羅明才","legislator","中國國民黨","y"
"爭取安坑一號道路3期",230,"羅明才","legislator","中國國民黨","y"
"發展寵物科技產業",230,"羅明才","legislator","中國國民黨","y"
"深美變電所室內化",230,"羅明才","legislator","中國國民黨","y"
"調高基本工資至33000元",230,"羅明才","legislator","中國國民黨","y"
"爭取新店長照園區",230,"羅明才","legislator","中國國民黨","y"
"安坑一號道路1、2期",230,"羅明才","legislator","中國國民黨","y"
"捷運東環段、南環段、環狀線第1階段",230,"羅明才","legislator","中國國民黨","y"
"爭取深坑輕軌(延伸石碇轉運站)",230,"羅明才","legislator","中國國民黨","y"
"無自來水地區延管工程
",230,"羅明才","legislator","中國國民黨","y"
"學貸免息",230,"羅明才","legislator","中國國民黨","y"
"安坑輕軌",230,"羅明才","legislator","中國國民黨","y"
"振興烏來觀光",230,"羅明才","legislator","中國國民黨","y"
"爭取安坑運動中心",230,"羅明才","legislator","中國國民黨","y"
"職場新鮮人2年50萬意外險",230,"羅明才","legislator","中國國民黨","y"
"補助凍卵",230,"羅明才","legislator","中國國民黨","y"
"爭取安坑快速道路(往土城)",230,"羅明才","legislator","中國國民黨","y"
"檢討 「不動產交易所得稅」，漲價歸公",230,"羅明才","legislator","中國國民黨","y"
"低薪上班族所得稅減半1 扶養12歲以下子女，扣除額提高50%",230,"羅明才","legislator","中國國民黨","y"
"80歲以上免巴氏量表，直接申請外籍看護
",230,"羅明才","legislator","中國國民黨","y"
"多元興辦公宅",230,"羅明才","legislator","中國國民黨","y"
"縮短公私立大學學雜費差距",230,"羅明才","legislator","中國國民黨","y"
"65歲以上健保免費",230,"羅明才","legislator","中國國民黨","y"
"三胎家庭百萬房屋補貼",230,"羅明才","legislator","中國國民黨","y"
"提高長照補助及特別扣除額",230,"羅明才","legislator","中國國民黨","y"
"爭取寶高智慧園區2期",230,"羅明才","legislator","中國國民黨","y"
"坪林探茶文化中心",230,"羅明才","legislator","中國國民黨","y"
"碧潭堰",230,"羅明才","legislator","中國國民黨","y"
"設寵物運動園區、室內運動中心和生命園區",230,"羅明才","legislator","中國國民黨","y"
"全面檢討108課綱",230,"羅明才","legislator","中國國民黨","y"
"優先推動《新住民基本法》立法",29018,"羅廷瑋","legislator","中國國民黨",NA
"4 年後社宅總興辦數達 2 萬戶",29018,"羅廷瑋","legislator","中國國民黨",NA
"放寬外籍看護之申請門檻",29018,"羅廷瑋","legislator","中國國民黨",NA
"優先推動《外送平台管理暨從業人員權益保障法》立法",29018,"羅廷瑋","legislator","中國國民黨",NA
"督促打詐單位整合",29018,"羅廷瑋","legislator","中國國民黨",NA
"用力蓋社宅",29018,"羅廷瑋","legislator","中國國民黨",NA
"強化勞資關係",29018,"羅廷瑋","legislator","中國國民黨",NA
"中區文化再生",29018,"羅廷瑋","legislator","中國國民黨",NA
"優先推動《學校供餐法》立法",29018,"羅廷瑋","legislator","中國國民黨",NA
"鼓勵興建勞工住宅",29018,"羅廷瑋","legislator","中國國民黨",NA
"增加公幼公托體系",29018,"羅廷瑋","legislator","中國國民黨",NA
"打造或找尋閒置場地當台中電競場館",29018,"羅廷瑋","legislator","中國國民黨",NA
"遊民安置：遊民安置輔導專章納入法規",29018,"羅廷瑋","legislator","中國國民黨",NA
"督促金管會嚴格把關，設下更多門檻與相關機制，別放任保險公司再隨意漲價，破壞被保險人權益",29018,"羅廷瑋","legislator","中國國民黨",NA
"綠電續成長",29018,"羅廷瑋","legislator","中國國民黨",NA
"落實勞安檢查",29018,"羅廷瑋","legislator","中國國民黨",NA
"推動《飼主責任法》",29018,"羅廷瑋","legislator","中國國民黨",NA
"優先推動《兒童托育服務法》立法",29018,"羅廷瑋","legislator","中國國民黨",NA
"長照預算增至GDP1%",29018,"羅廷瑋","legislator","中國國民黨",NA
"提高勞工薪資",29018,"羅廷瑋","legislator","中國國民黨",NA
"燃氣換燃煤機組",29018,"羅廷瑋","legislator","中國國民黨",NA
"捍衛勞工權利",29018,"羅廷瑋","legislator","中國國民黨",NA
"廣設實體人行道，設避車彎，無障礙行人步道",29018,"羅廷瑋","legislator","中國國民黨",NA
"遊民安置：提供職業培訓計畫",29018,"羅廷瑋","legislator","中國國民黨",NA
"催生捷運藍線",29018,"羅廷瑋","legislator","中國國民黨",NA
"優先推動《道路交通安全基本法》立法",29018,"羅廷瑋","legislator","中國國民黨",NA
"公幼倍增免學費、私幼補貼、鼓勵企業設托育",29018,"羅廷瑋","legislator","中國國民黨",NA
"修法強制猥褻罪、強制性交罪，追溯無期限。",29018,"羅廷瑋","legislator","中國國民黨",NA
"電競發展：每年在立法院舉辦電競運動公聽會，並監督完成公聽會決議。",29018,"羅廷瑋","legislator","中國國民黨",NA
"爭取國際電競賽事",29018,"羅廷瑋","legislator","中國國民黨",NA
"優先推動《消防法》修正",29018,"羅廷瑋","legislator","中國國民黨",NA
"防堵狼師回校園，性侵性騷終身不得錄用，退休者停俸處分。",29018,"羅廷瑋","legislator","中國國民黨",NA
"發展寵物長照體系",29018,"羅廷瑋","legislator","中國國民黨",NA
"公幼免費私幼補助",29018,"羅廷瑋","legislator","中國國民黨",NA
"推廣寵物公園專區，造福更多有需求的寵兒們",29018,"羅廷瑋","legislator","中國國民黨",NA
"恢復特偵組揭弊打貪",29018,"羅廷瑋","legislator","中國國民黨",NA
"協助缺工產業發聲",29018,"羅廷瑋","legislator","中國國民黨",NA
"完善動保觀念教育",29018,"羅廷瑋","legislator","中國國民黨",NA
"爭取整治旱溪",29018,"羅廷瑋","legislator","中國國民黨",NA
"推動長照保險制度",29018,"羅廷瑋","legislator","中國國民黨",NA
"提高長照住宿補助",29018,"羅廷瑋","legislator","中國國民黨",NA
"優先推動《住宅區寧靜法》",29018,"羅廷瑋","legislator","中國國民黨",NA
"推動企業投資電競",29018,"羅廷瑋","legislator","中國國民黨",NA
"優先推動《新經濟移民法》立法",29018,"羅廷瑋","legislator","中國國民黨",NA
"中火每年減碳",29018,"羅廷瑋","legislator","中國國民黨",NA
"優先推動《三班護病比》入法",29018,"羅廷瑋","legislator","中國國民黨",NA
"爭取13年國民教育，向下延伸到5歲，加強教育讓孩子在國際上有競爭力。",29018,"羅廷瑋","legislator","中國國民黨",NA
"電競發展：隨時協助民間調閱政府內部文件，滿足民間知的權利",29018,"羅廷瑋","legislator","中國國民黨",NA
"解散肥貓機關拒絕酬庸",29018,"羅廷瑋","legislator","中國國民黨",NA
"爭取「電競專法」",29018,"羅廷瑋","legislator","中國國民黨",NA
"延長國民教育",29018,"羅廷瑋","legislator","中國國民黨",NA
"優先推動《碳稅條例》立法",29018,"羅廷瑋","legislator","中國國民黨",NA
"提高詐欺相關刑責",29018,"羅廷瑋","legislator","中國國民黨",NA
"遊民安置：優化社會庇護住所",29018,"羅廷瑋","legislator","中國國民黨",NA
"主張狼師發現一案，擴大調查應入法",29018,"羅廷瑋","legislator","中國國民黨",NA
"優先推動《食品安全衛生管理法》修法洗產地判重罪",29018,"羅廷瑋","legislator","中國國民黨",NA
"培育專業電競人才",29018,"羅廷瑋","legislator","中國國民黨",NA
"遊民安置：建立專責輔導機構",29018,"羅廷瑋","legislator","中國國民黨",NA
"普及公幼兩歲專班",29018,"羅廷瑋","legislator","中國國民黨",NA
"優先推動《揭弊者保護法》立法",29018,"羅廷瑋","legislator","中國國民黨",NA
"推動父母彈性工時",29018,"羅廷瑋","legislator","中國國民黨",NA
"加強推廣房東房客各有好處的包租代管",29018,"羅廷瑋","legislator","中國國民黨",NA
"增加動保稽查人力",29018,"羅廷瑋","legislator","中國國民黨",NA
"注重相關法令修改守護毛孩子",29018,"羅廷瑋","legislator","中國國民黨",NA
"優先推動《海洋保育法》立法",29018,"羅廷瑋","legislator","中國國民黨",NA
"推動《 房屋稅條例》修法",29018,"羅廷瑋","legislator","中國國民黨",NA
"要求中央政府維持漁業用油補貼",406,"楊曜","legislator","民主進步黨","y"
"爭取5億以上經費，讓兩家醫院持續升級醫療與檢查儀器，甄補優秀醫事人才",406,"楊曜","legislator","民主進步黨","y"
"輔導低度利用漁港轉型共用及航道清淤，維護港埠設施安全",406,"楊曜","legislator","民主進步黨","y"
"要求三軍總醫院澎湖分院建置放射腫瘤中心，讓病人及家屬免於舟車勞頓就近接受治療。",406,"楊曜","legislator","民主進步黨","y"
"要求中央政府充實照護服務員人力，設立優質平價的照顧機構",406,"楊曜","legislator","民主進步黨","y"
"修法推動由中央政府撥補勞保基金及負起最終給付責任，保障勞工權益。",406,"楊曜","legislator","民主進步黨","y"
"協助衛生所室更新設備，完善遠距醫療照護，優化在地就醫品質。",406,"楊曜","legislator","民主進步黨","y"
"爭取5億以上經費，深化澎湖觀光內涵，打造亮點觀光建設，提升休憩品質；在兼顧島嶼環境承載量的前提下，持續推展秋冬觀光。",406,"楊曜","legislator","民主進步黨","y"
"持續優化校園空間，讓孩子擁有舒適的學習環境、安全的運動場域。　",406,"楊曜","legislator","民主進步黨","y"
"要求海洋委員會加大力道驅離中國越界漁船，並對澎湖周遭海域生態環境進行生態監測。",406,"楊曜","legislator","民主進步黨","y"
"爭取5億以上經費，擴大投入清除海底覆網及海漂垃圾；強化復育海洋棲地與生態，為下一代留下這片美麗的海。　",406,"楊曜","legislator","民主進步黨","y"
"增加社區關懷據點功能性與更新設備，實現長者在地安養目標。",406,"楊曜","legislator","民主進步黨","y"
"從租稅優惠到公有土地釋出，擴大民間参與長照，真正提升長照服務量能，譲長照服務達到平價丶優質丶普及。",454,"李彥秀","legislator","中國國民黨",NA
"立法推動友善生育職場，不讓生育、職涯成為婦女單選題。",454,"李彥秀","legislator","中國國民黨",NA
"成立行政院層級人口對策委員會，擬定永續人力發展政策跨部會解決少子女化問題。",454,"李彥秀","legislator","中國國民黨",NA
"推動港湖商圈復興，打造山近水好環境、生活機能完善的宜居城市。",454,"李彥秀","legislator","中國國民黨",NA
"鬆綁都市十畫，重塑老舊工業區，讓内湖南港成為台北新都心。",454,"李彥秀","legislator","中國國民黨",NA
"預防醫療新思維，重新盤點疫苗政策，擴大輪狀病毒疫苗丶腸病毒疫苗丶HPV疫苗、帶狀疱疹疫苗丶肺炎球菌疫苗政策補助。",454,"李彥秀","legislator","中國國民黨",NA
"建立國家安全思維為出發的能源政策，確保保用電永續、安全、穩定。",454,"李彥秀","legislator","中國國民黨",NA
"公私協力，提升都市更新、危老建物改建量能打造港湖新風貌。",454,"李彥秀","legislator","中國國民黨",NA
"民汐、東環、基隆捷運加速規制、興建，評估信義線、板南線東延",454,"李彥秀","legislator","中國國民黨",NA
"從健康促進到延緩失能、復能治療，真正做到降低不健康餘命，尊嚴老化，降低中生代照願負擔。",454,"李彥秀","legislator","中國國民黨",NA
"懷孕到6歲一起顧，從經濟補助到育兒資源全面到位。",454,"李彥秀","legislator","中國國民黨",NA
"從文化產業到科技產業，找下個策略產業提高台灣韌性實力。",454,"李彥秀","legislator","中國國民黨",NA
"從小就開始健康，從兒童健康預防到成人健康促進，用行動力健全國力。",454,"李彥秀","legislator","中國國民黨",NA
"堅持托育、幼兒監視器内容雲端保存，保護親師權益。",454,"李彥秀","legislator","中國國民黨",NA
"堅持中華民國主權，台灣人民優先，推動兩岸穩健交流，國際士會看見台灣。",454,"李彥秀","legislator","中國國民黨",NA
"國家永續發展，全面檢討發展人口、勞動力政策，多方向改善缺工問题",454,"李彥秀","legislator","中國國民黨",NA
"儘速排審動保，加重刑期刑度",38329,"徐巧芯","legislator","中國國民黨",NA
"科學重啟核電，扭轉火電家園",38329,"徐巧芯","legislator","中國國民黨",NA
"解密疫苗採購，清查光電弊端",38329,"徐巧芯","legislator","中國國民黨",NA
"補助女性凍卵，提存人生選擇",38329,"徐巧芯","legislator","中國國民黨",NA
"NCC轉型正義，保障收視平權",38329,"徐巧芯","legislator","中國國民黨",NA
"透明媒體置入，剿滅側翼網軍
",38329,"徐巧芯","legislator","中國國民黨",NA
"合理監督軍購，追蹤交貨期程",38329,"徐巧芯","legislator","中國國民黨",NA
"溯源嚴懲詐騙，雨岸共打犯罪",38329,"徐巧芯","legislator","中國國民黨",NA
"加速松信再生，更新鐵道博館",38329,"徐巧芯","legislator","中國國民黨",NA
"補足中央社宅，納入智能長照",38329,"徐巧芯","legislator","中國國民黨",NA
"推動龍岡、龍潭設軍事文化館。
",393,"呂玉玲","legislator","中國國民黨","y"
"75歲以上長者，領長照津貼每月3000元。",393,"呂玉玲","legislator","中國國民黨","y"
"賡續推動電纜地下化、自來水管汰換",393,"呂玉玲","legislator","中國國民黨","y"
"設置桃園公共聯合醫院體系(平鎮、龍潭設置公立醫院)",393,"呂玉玲","legislator","中國國民黨","y"
"推動客家博物館，發展客家文化。",393,"呂玉玲","legislator","中國國民黨","y"
"推動板龍快速道路，快速連結新北與桃園",393,"呂玉玲","legislator","中國國民黨","y"
"爭取桃園設置公立兒童專科醫院",393,"呂玉玲","legislator","中國國民黨","y"
"推動勞工住宅，年所得60萬以下/夫妻合併所得120萬以下優先入住",393,"呂玉玲","legislator","中國國民黨","y"
"提高青農貸款額度，享有7年免利息補貼",393,"呂玉玲","legislator","中國國民黨","y"
"推動新梅龍(新屋一楊梅一龍潭)快速道路， 橫向運輸更方便",393,"呂玉玲","legislator","中國國民黨","y"
"推動兒童共融遊戲場與寵物公園",393,"呂玉玲","legislator","中國國民黨","y"
"推動平鎮大車站，帶動平鎮發展",393,"呂玉玲","legislator","中國國民黨","y"
"2-5歲公立幼兒園免學費，私立一學期學費補助4萬元",393,"呂玉玲","legislator","中國國民黨","y"
"爭取農民每戶每年50000元小型農機補助",393,"呂玉玲","legislator","中國國民黨","y"
"強化雇主投保責任，受雇員工4人以下之企業，強制雇主為受雇者投保勞保和就業保險",393,"呂玉玲","legislator","中國國民黨","y"
"推動平鎮與龍潭公車轉運站，強化公衆運輸",393,"呂玉玲","legislator","中國國民黨","y"
"提高公糧收購價每公斤2元。",393,"呂玉玲","legislator","中國國民黨","y"
"持續爭取教育部經費改善高國中小校舍及設備強化",393,"呂玉玲","legislator","中國國民黨","y"
"義警、義消、守望相助隊提供協勤津貼",393,"呂玉玲","legislator","中國國民黨","y"
"申請家庭看護移工，免繳每月2000元就業安定費",393,"呂玉玲","legislator","中國國民黨","y"
"賡續推動設立公共化幼兒園與公托中心",393,"呂玉玲","legislator","中國國民黨","y"
"12歲以下孩童發放家庭照顧津貼1萬元",393,"呂玉玲","legislator","中國國民黨","y"
"65歲以上長者免繳健保費，政府全額補助",393,"呂玉玲","legislator","中國國民黨","y"
"就學貸款免利息",393,"呂玉玲","legislator","中國國民黨","y"
"爭取提高教師薪資加給，吸引優秀人才投身教育",393,"呂玉玲","legislator","中國國民黨","y"
"協助拓展實質外交，融入全球民主聯盟",419,"林俊憲","legislator","民主進步黨","y"
"爭取社會住宅以南區為集中示範區，打造為臺南宜居生活首選。",419,"林俊憲","legislator","民主進步黨","y"
"協助農、漁民提升設備、技術與行銷能力，以利拓展市場與增加收入",419,"林俊憲","legislator","民主進步黨","y"
"協助落實「區域共榮」治理目標，加速改善城鄉建設發展落差",419,"林俊憲","legislator","民主進步黨","y"
"觀光、文創培育基地在中西區：鼓勵年青人、文創工作者參與地方創生，打造深具獨特魅力的台南在地人文風情",419,"林俊憲","legislator","民主進步黨","y"
"力挺國防軍工產業自主化，強化台灣自我防衛能力",419,"林俊憲","legislator","民主進步黨","y"
"擴大未來世代教育、高齡長者醫療等公共服務投資，提升台南城市宜居性與發展潛力",419,"林俊憲","legislator","民主進步黨","y"
"藝文展演、運動賽事重鎮在東區：協助市府規劃副都心場館開發計畫，爭取引進國內外音樂、運動展演賽事
",419,"林俊憲","legislator","民主進步黨","y"
"海港休閒渡假中心在安平區：利用安平國際港優勢，協助市府打造國際級海洋休閒渡假聖地",419,"林俊憲","legislator","民主進步黨","y"
"堅持以「對等、尊嚴、和平」為兩岸交流互動最高原則",419,"林俊憲","legislator","民主進步黨","y"
"交通路網規劃與道路設計持續優化，並加速捷運工程及大眾運輸便捷化、密集化",419,"林俊憲","legislator","民主進步黨","y"
"推動藝文新創獎助，地方傳統節慶傳承進化",419,"林俊憲","legislator","民主進步黨","y"
"活絡地方經濟，促進勞工就業：推動循環經濟，讓經濟環境雙贏",449,"謝衣鳯","legislator","中國國民黨","y"
"持續整治東螺溪，展現豐富的水岸風華",449,"謝衣鳯","legislator","中國國民黨","y"
"發展智慧農業，推動農業轉型升級：打通農業產銷國際及兩岸通路。",449,"謝衣鳯","legislator","中國國民黨","y"
"發展智慧農業，推動農業轉型升級：加速及擴大農業廢棄物再利用。",449,"謝衣鳯","legislator","中國國民黨","y"
"發展智慧農業，推動農業轉型升級：保障農民福利，爭取各種補助。",449,"謝衣鳯","legislator","中國國民黨","y"
"持續推動關懷據點，強化在地照顧服務",449,"謝衣鳯","legislator","中國國民黨","y"
"打造友善生育環境",449,"謝衣鳯","legislator","中國國民黨","y"
"透過地方創生，活絡在地經濟。",449,"謝衣鳯","legislator","中國國民黨","y"
"發展智慧農業，推動農業轉型升級：導入智慧農工，提高農業產值。",449,"謝衣鳯","legislator","中國國民黨","y"
"結合地方特色，打造觀光新亮點",449,"謝衣鳯","legislator","中國國民黨","y"
"修正「教師待遇條例」、落實「偏遠地區學校教育發展條例」，充實偏鄉教育的師資與資源",449,"謝衣鳯","legislator","中國國民黨","y"
"推動產業園區蓬勃發展，吸引民眾返鄉就業。",449,"謝衣鳯","legislator","中國國民黨","y"
"協助減輕弱勢家庭的負擔",449,"謝衣鳯","legislator","中國國民黨","y"
"推動銀髮族適用的福利設備與服務",449,"謝衣鳯","legislator","中國國民黨","y"
"高中職學費全免。",418,"林宜瑾","legislator","民主進步黨","y"
"落實居住正義，續建社會住宅。",418,"林宜瑾","legislator","民主進步黨","y"
"新化文資山城，爭取纜車串聯景點，活化新化老街，改善停車問題，力促觀光發展，再現山城榮光。",418,"林宜瑾","legislator","民主進步黨","y"
"重視人本交通，翻轉以車優先觀念，建置友善安全的行人環境。",418,"林宜瑾","legislator","民主進步黨","y"
"闢建特色公園，強化設施品質，讓公園變樂園，大人小孩一齊享受天倫之樂。",418,"林宜瑾","legislator","民主進步黨","y"
"整治黑金槍毒，重罰毒品、肇逃，強化國家公權力。",418,"林宜瑾","legislator","民主進步黨","y"
"寬列文化預算。",418,"林宜瑾","legislator","民主進步黨","y"
"0-22 歲投資未來世代，擴大公共托育資源",418,"林宜瑾","legislator","民主進步黨","y"
"落實居住正義，提高「青年安心成家貸款」額度。",418,"林宜瑾","legislator","民主進步黨","y"
"體恤公教警消，甄補人員編制到位，增加消防預算，更新消防裝備。",418,"林宜瑾","legislator","民主進步黨","y"
"強化外交關係，鞏固國際民主建設性盟友。",418,"林宜瑾","legislator","民主進步黨","y"
"支持無形文化資產保存、傳承與再生。",418,"林宜瑾","legislator","民主進步黨","y"
"增加長照預算，引進資源改善長照，串聯醫療資源，加強社福照護環境，創造高齡友善社會環境。",418,"林宜瑾","legislator","民主進步黨","y"
"持續推動台南捷運建設，促進大眾運輸使用，建立完整路網，奠定台南大眾運輸基礎。",418,"林宜瑾","legislator","民主進步黨","y"
"新市科工重鎮，監督南科三期擴建，完備大眾交通接駁，推動新市鐵路立體化，擴大新市都市計畫。",418,"林宜瑾","legislator","民主進步黨","y"
"消滅血汗醫療，改善醫療人員工作待遇，支持三班護病比入法，病患就診更安心。",418,"林宜瑾","legislator","民主進步黨","y"
"落實居住正義，擴大租金補貼。",418,"林宜瑾","legislator","民主進步黨","y"
"落實儲訓選手零用金加碼，照顧選手生涯多元發展，發展運動產業，擴展產業規模。",418,"林宜瑾","legislator","民主進步黨","y"
"杜絕性騷霸凌，嚴守校園淨土，父母放心打拼，孩子安心就學。",418,"林宜瑾","legislator","民主進步黨","y"
"落實轉型正義教育，強化國家語言教育，壯大台灣本土文化。",418,"林宜瑾","legislator","民主進步黨","y"
"續推十八歲公民權，鼓勵青年參與國家未來。",418,"林宜瑾","legislator","民主進步黨","y"
"協助南科招商，增加就業機會，發展經濟，改善青年就業低薪問題。",418,"林宜瑾","legislator","民主進步黨","y"
"改善道路規劃，降低事故發生率，支持嚴懲酒駕肇事累犯者。",418,"林宜瑾","legislator","民主進步黨","y"
"強化藝文工作者權益保障，培育文資修復人才。",418,"林宜瑾","legislator","民主進步黨","y"
"設立「百億癌症新藥基金」，醫界與國人齊心戮力達到2030癌症死亡人數減少33%。",418,"林宜瑾","legislator","民主進步黨","y"
"永康產業宜居，爭取治水預算，改善淹水問題，加速永康鐵路地下化工程，推動全民運動館建設。",418,"林宜瑾","legislator","民主進步黨","y"
"體育地位再提升，推動「體育暨運動發展部」升格，推廣全民運動，健康台灣。",418,"林宜瑾","legislator","民主進步黨","y"
"備戰才能避戰，支持國艦國造，提高國軍威懾力。",418,"林宜瑾","legislator","民主進步黨","y"
"增加私立大學生學費補助。",418,"林宜瑾","legislator","民主進步黨","y"
"提高學子科研興趣，讓太空發展向下扎根，同時豐富觀光色彩，爭取台南設立太空博物館。",418,"林宜瑾","legislator","民主進步黨","y"
"保障身心障礙學生及家長權益，父母放心打拼，孩子安心就學。",418,"林宜瑾","legislator","民主進步黨","y"
"設立海區新縣立圖書館",441,"蔡易餘","legislator","民主進步黨","y"
"警察、消防合理編制員額",441,"蔡易餘","legislator","民主進步黨","y"
"爭取朴子運動中心附設游泳池",441,"蔡易餘","legislator","民主進步黨","y"
"落實河道清淤，擴大出海口感潮段河床斷面",441,"蔡易餘","legislator","民主進步黨","y"
"設置台61線休息站、壽島白沙遊憩區",441,"蔡易餘","legislator","民主進步黨","y"
"堅持續推「國機國造」「潛艦國造」，強化國防武力",441,"蔡易餘","legislator","民主進步黨","y"
"推動「外傘頂洲固沙特別條例」，專款保持東石、型厝寮、溫港、副瀨、網寮、白水湖、布袋漁 港航道暢通，並推動第三漁港延伸防波堤",441,"蔡易餘","legislator","民主進步黨","y"
"解決水上車站、東石先天宮周邊道路阻塞問題",441,"蔡易餘","legislator","民主進步黨","y"
"推動視訊診療，檢討健保點數強化偏鄉醫療",441,"蔡易餘","legislator","民主進步黨","y"
"建置東石醫院、新塭、六腳機構型長照中心",441,"蔡易餘","legislator","民主進步黨","y"
"爭取北回車站立體化連結水上機場",441,"蔡易餘","legislator","民主進步黨","y"
"爭取國民年金提供至5000元",441,"蔡易餘","legislator","民主進步黨","y"
"廣設中央廚房，並補助送餐車、落實營養午餐與社區食堂三章一Q",441,"蔡易餘","legislator","民主進步黨","y"
"全面落實高中職免學費，並補助私校生3.5萬學雜費，縮短公私立學費差距。",441,"蔡易餘","legislator","民主進步黨","y"
"依CPI與最低薪資調漲檢討公糧與雜糧收購價格",441,"蔡易餘","legislator","民主進步黨","y"
"修法護國安，加重共諜外患罪刑責，不容僥倖！",441,"蔡易餘","legislator","民主進步黨","y"
"提高住宿型長照機構補助至18萬",441,"蔡易餘","legislator","民主進步黨","y"
"續建太保牛稠溪、水上赤蘭溪、八掌溪堤防增設與加高",441,"蔡易餘","legislator","民主進步黨","y"
"所得稅「幼兒學前特別扣除額」，第二胎提高到 20 萬元、第三胎提高到24萬元",441,"蔡易餘","legislator","民主進步黨","y"
"督促朴子現代化屠宰場盡快完工",441,"蔡易餘","legislator","民主進步黨","y"
"所得稅「長照特別扣除額」提升至20萬",441,"蔡易餘","legislator","民主進步黨","y"
"打造義竹無人機試飛、競技專區",441,"蔡易餘","legislator","民主進步黨","y"
"利用碳權交易所綠、藍、黃碳匯方法，創造造林 、濕地、海洋、養蚵產業新價值",441,"蔡易餘","legislator","民主進步黨","y"
"落實多元取水、確保灌區與雜糧區用水",441,"蔡易餘","legislator","民主進步黨","y"
"推動嘉太、朴子、義竹工業區公共設施活化改善",441,"蔡易餘","legislator","民主進步黨","y"
"推動台82線延伸高架串接台61線",441,"蔡易餘","legislator","民主進步黨","y"
"放寬巴氏量表、各產業移工聘用規定",441,"蔡易餘","legislator","民主進步黨","y"
"爭設農業科技園區",441,"蔡易餘","legislator","民主進步黨","y"
"爭取台積電落腳嘉義科學園區、水上南靖園區加速招商",441,"蔡易餘","legislator","民主進步黨","y"
"完成六腳、南靖、新埤排水全段整治",441,"蔡易餘","legislator","民主進步黨","y"
"爭取經費補助師資、強化課後輔導提升學習能力",441,"蔡易餘","legislator","民主進步黨","y"
"馬稠後工業區二期爭取園中園，中心園區交由國科會管理",441,"蔡易餘","legislator","民主進步黨","y"
"水環境經費改善堤防景觀",441,"蔡易餘","legislator","民主進步黨","y"
"爭取老農津貼8550元、排富條款不動產所得至少800萬元",441,"蔡易餘","legislator","民主進步黨","y"
"0-6歲幼兒第一胎起得聘用外籍褓姆",441,"蔡易餘","legislator","民主進步黨","y"
"擴建嘉46線延伸段連接長庚醫療院區",441,"蔡易餘","legislator","民主進步黨","y"
"爭取灣內橋、介壽橋、八掌溪二號橋拓寬改建",441,"蔡易餘","legislator","民主進步黨","y"
"打造朴子與水上社會住宅",441,"蔡易餘","legislator","民主進步黨","y"
"布袋港區活化再造",441,"蔡易餘","legislator","民主進步黨","y"
"蒜頭糖廠東倉庫加速招商、西倉庫設火車博物館興建嘉義會展中心、藝術品拍賣會",441,"蔡易餘","legislator","民主進步黨","y"
"校園國際營隊交流常態化，增加學童視野",441,"蔡易餘","legislator","民主進步黨","y"
"改善道路設施與標線設計；擴大運用科技執法；推動《交通安全基本法》。",44367,"廖偉翔","legislator","中國國民黨",NA
"推動捷運藍線盡速動工；西南屯水岸綠地步行環帶；打通漢翔路至東大路解決塞車",44367,"廖偉翔","legislator","中國國民黨",NA
"廢除學習歷程紀錄；加強數位教育；重視技職教育；捍衛孩童食安。",44367,"廖偉翔","legislator","中國國民黨",NA
"建設勞工住宅；增休假天數；所得未達56萬元課稅減半，強化勞檢",44367,"廖偉翔","legislator","中國國民黨",NA
"安全重啟核能，持續發展綠電；逐步減少燃煤，淨零碳排；擴建儲能電網。",44367,"廖偉翔","legislator","中國國民黨",NA
"老幼健保免費；提高長照住宿補助；開辦長照保險；心理諮商抵稅納健保",44367,"廖偉翔","legislator","中國國民黨",NA
"個別輔導企業轉型；延長移工續聘年限解缺工；簽訂FTA減關稅擴大市場。",44367,"廖偉翔","legislator","中國國民黨",NA
"推動中火減煤除役，溪西高壓電塔地下化；串聯水湳與中科，打造經貿科技大台中",44367,"廖偉翔","legislator","中國國民黨",NA
"公幼免費，私幼補助一萬元；提高育兒抵稅額；父母可享彈性工時。",44367,"廖偉翔","legislator","中國國民黨",NA
"增設貓狗活動專區；普及寵物長照；推動《茶茶法案》與《飼主責任法》",44367,"廖偉翔","legislator","中國國民黨",NA
"開放組工會；檢討加班費制度。增加預算汰換設備；增補警消人力。",44367,"廖偉翔","legislator","中國國民黨",NA
"加重囤房稅；房租實價登錄；官民合作建社宅；提高低利貸款額度。",44367,"廖偉翔","legislator","中國國民黨",NA
"新建馬山港，東半島看漲",431,"陳玉珍","legislator","中國國民黨","y"
"長照床倍增，老人顧得好",431,"陳玉珍","legislator","中國國民黨","y"
"增觀光資源，護史蹟文化",431,"陳玉珍","legislator","中國國民黨","y"
"縮國家公園，爭還地於民",431,"陳玉珍","legislator","中國國民黨","y"
"設醫療特區，鄉親好安居",431,"陳玉珍","legislator","中國國民黨","y"
"設腫瘤中心，免台金奔波",431,"陳玉珍","legislator","中國國民黨","y"
"離島基本法，發展會更好",431,"陳玉珍","legislator","中國國民黨","y"
"金廈通大橋，兩岸保和平",431,"陳玉珍","legislator","中國國民黨","y"
"金門蓋榮家，老兵有個家",431,"陳玉珍","legislator","中國國民黨","y"
"貨物零稅率，經濟拚永續",431,"陳玉珍","legislator","中國國民黨","y"
"擴大AI與城市治理帶動生活產業發展",38447,"黃捷","legislator","民主進步黨",NA
"精進道路設計提升交通安全",38447,"黃捷","legislator","民主進步黨",NA
"推廣電動共享運具改善空品",38447,"黃捷","legislator","民主進步黨",NA
"增設社會住宅減輕入住負擔",38447,"黃捷","legislator","民主進步黨",NA
"強化法制保障租屋權益",38447,"黃捷","legislator","民主進步黨",NA
"深化尊重教育防治暴力霸凌",38447,"黃捷","legislator","民主進步黨",NA
"發展城市擬人化、實境角色扮演等新藝文產業",38447,"黃捷","legislator","民主進步黨",NA
"打造立德棒球場成為三級棒球基地",38447,"黃捷","legislator","民主進步黨",NA
"強化國防自主實力",38447,"黃捷","legislator","民主進步黨",NA
"以動物權精神推動友善空間及臨終制度",38447,"黃捷","legislator","民主進步黨",NA
"增設共融遊具打造特色公園",38447,"黃捷","legislator","民主進步黨",NA
"平等互惠國際合作",38447,"黃捷","legislator","民主進步黨",NA
"增補警消人力裝備",38447,"黃捷","legislator","民主進步黨",NA
"守護勞工權益增進勞動所得
",38447,"黃捷","legislator","民主進步黨",NA
"提升運動設施擴大體育人口
",38447,"黃捷","legislator","民主進步黨",NA
"擴大長照設施服務量能",38447,"黃捷","legislator","民主進步黨",NA
"加速淨零碳排促進產業升級",38447,"黃捷","legislator","民主進步黨",NA
"爭取急難弱勢補助相互扶持",38447,"黃捷","legislator","民主進步黨",NA
"完善大眾運輸發揮串連效益",38447,"黃捷","legislator","民主進步黨",NA
"擴大社區心理衛生服務。
",325,"李昆澤","legislator","民主進步黨","y"
"推動高雄為郵輪母港，爭取國際郵輪停靠，促進國內外旅客至高雄觀光。
",325,"李昆澤","legislator","民主進步黨","y"
"推動高雄交通建設，建立高快速公路網",325,"李昆澤","legislator","民主進步黨","y"
"爭取高雄機場新增國際航班",325,"李昆澤","legislator","民主進步黨","y"
"加強職災勞工保護，推動高雄設置勞工醫院。",325,"李昆澤","legislator","民主進步黨","y"
"基本工資年年調漲。",325,"李昆澤","legislator","民主進步黨","y"
"落實性別主流化，持續打造平權職場，營造無暴力無騷擾安全社會環境。
",325,"李昆澤","legislator","民主進步黨","y"
"推動三民運動中心升格運動園區，強化學校運動設施與空間，促進在地運動發展，提供優質運動場域。
",325,"李昆澤","legislator","民主進步黨","y"
"擴大經費挹注，加強大連、長明、後驛、三鳳中街等商圈觀光行銷，建置工商服務機能特區。",325,"李昆澤","legislator","民主進步黨","y"
"持續推動廣設公共化幼兒園。
",325,"李昆澤","legislator","民主進步黨","y"
"推動科工館空間改造大計劃、結合優化綠園道與科工館場域，創建社區休憩共享空間
",325,"李昆澤","legislator","民主進步黨","y"
"推動興建社會住宅
",325,"李昆澤","legislator","民主進步黨","y"
"促進公共運輸發展，改善停車空間不足問題。",325,"李昆澤","legislator","民主進步黨","y"
"打造高雄觀光商圈新亮點，開創高雄火車站大商圈新氣象",325,"李昆澤","legislator","民主進步黨","y"
"提高有薪產檢假及配偶陪產檢假為十天",325,"李昆澤","legislator","民主進步黨","y"
"持續推動多元母語教育",325,"李昆澤","legislator","民主進步黨","y"
"協助傳統產業科技化、爭取高科技產業在地化，形成產業聚落，開創高雄輕濟好願景。",325,"李昆澤","legislator","民主進步黨","y"
"降低學費負擔",325,"李昆澤","legislator","民主進步黨","y"
"推動友善親子環境",325,"李昆澤","legislator","民主進步黨","y"
"推廣客家文化特色，爭取建設客家公園，深耕多元文化交流，發展在地文藝聚落。
",325,"李昆澤","legislator","民主進步黨","y"
"保障勞工退休生活、穩定勞保基金、監督撥補勞保促進勞工權益",325,"李昆澤","legislator","民主進步黨","y"
"打造科工館升級高雄科學教育園區，深耕普及科學教育。
",325,"李昆澤","legislator","民主進步黨","y"
"加強爭取高雄捷運網建設、推動捷運黃線等四線齊發、爭取捷運紫線連結紅黃兩線",325,"李昆澤","legislator","民主進步黨","y"
"持續推動優質平價長期照顧、增設社區關懷聚點、擴大長期照顧補助，推動長照3.0
",325,"李昆澤","legislator","民主進步黨","y"
"持續優化無障礙環境，促進弱勢就業，加強支持系統
",325,"李昆澤","legislator","民主進步黨","y"
"推動居住正義，提高青年房貸優惠，擴大租屋補貼
",325,"李昆澤","legislator","民主進步黨","y"
"支持青年創新創業、打造青年多元創業基地，提供優惠創業貸款。",325,"李昆澤","legislator","民主進步黨","y"
"提高長照服務涵蓋率，加強照顧服務功能，建立友善自主的高龄生活環境。
",325,"李昆澤","legislator","民主進步黨","y"
"打造高雄區域旅遊品牌，加速高雄機場升級擴建計畫",325,"李昆澤","legislator","民主進步黨","y"
"持續強化區域防洪治水能量，推動建立完整滯洪池防護網，打造安全宜居家園
",325,"李昆澤","legislator","民主進步黨","y"
"守護自由民主體制，合理增加國防預算，捍衛台灣主權價值。",325,"李昆澤","legislator","民主進步黨","y"
"落實教育平權、推動多元均質優質教育環境、均衡學術與技職教育
",325,"李昆澤","legislator","民主進步黨","y"
"0-22歲，加碼投資未來世代，因應台灣少子化",392,"何欣純","legislator","民主進步黨","y"
"保護珍貴文化資產，打造文史記憶好故鄉",392,"何欣純","legislator","民主進步黨","y"
"緊盯政府，確保民生物資充分供應、全力平穩物價",392,"何欣純","legislator","民主進步黨","y"
"台74草湖匝道已通車、督促十九甲、六順橋匝道早日完工；台74銜接國道1號2024年5月完工",392,"何欣純","legislator","民主進步黨","y"
"爭取中央預算，打通交通瓶頸、改善危險路囗、通學步道",392,"何欣純","legislator","民主進步黨","y"
"提升教育資源，維護城鄉學校師生權益",392,"何欣純","legislator","民主進步黨","y"
"要求政府強化扶助措施與擴大就業機會",392,"何欣純","legislator","民主進步黨","y"
"力爭政府各項弱勢補助、津貼修正調降門檻、擴大補助",392,"何欣純","legislator","民主進步黨","y"
"繼續爭取調高育兒津貼、托育補助金額",392,"何欣純","legislator","民主進步黨","y"
"力爭中央資源，解決中小企業勞工、土地、資金困境，推動傳統產業轉型再升級",392,"何欣純","legislator","民主進步黨","y"
"堅持國家經濟成果由全民共享",392,"何欣純","legislator","民主進步黨","y"
"全力爭取縮小公、私立大學(專)學雜費差距",392,"何欣純","legislator","民主進步黨","y"
"爭取台63中投公路銜接國道3號，解法南台中塞車問題",392,"何欣純","legislator","民主進步黨","y"
"要求政府增加老幼貧疾弱勢族群經費預算",392,"何欣純","legislator","民主進步黨","y"
"家庭、學校、社會三方聯防，強化兒少保護機制",392,"何欣純","legislator","民主進步黨","y"
"增加資源、推動長照3.0，強化長者照顧",392,"何欣純","legislator","民主進步黨","y"
"改善排水及下水道系統，防災防洪防淹水",392,"何欣純","legislator","民主進步黨","y"
"持續爭取自來水管汰舊換新、普及自來水",392,"何欣純","legislator","民主進步黨","y"
"改善農業生產環境、產銷制度、協助解決青農困境",392,"何欣純","legislator","民主進步黨","y"
"因應少子化，政府應編列經費，強化並建立人才培育及留用制度",392,"何欣純","legislator","民主進步黨","y"
"活化閒置國有地，設置綠地、公園好休憩",392,"何欣純","legislator","民主進步黨","y"
"繼續力拚捷運進屯區，藍線延伸、橘線、環狀線",392,"何欣純","legislator","民主進步黨","y"
"擴大租屋補貼、推動社會住宅安心入住",392,"何欣純","legislator","民主進步黨","y"
"擴大提供公共托育托嬰，提高幼教品質與教保服務",392,"何欣純","legislator","民主進步黨","y"
"因應少子化，第三胎生育補助100萬元",224,"賴士葆","legislator","中國國民黨","y"
"響應 AI 崛起，推動 AI 教育全齡化",224,"賴士葆","legislator","中國國民黨","y"
"推動內閣制，終結現行有權無責的民選皇帝制",224,"賴士葆","legislator","中國國民黨","y"
"兩岸和平、不要戰爭",224,"賴士葆","legislator","中國國民黨","y"
"恢復特偵組，嚴辦高官貪腐案件",224,"賴士葆","legislator","中國國民黨","y"
"全面恢復小三通與大三通，重啓兩岸對話，避免戰爭",224,"賴士葆","legislator","中國國民黨","y"
"NCC 打掉重練，終結目前政媒勾結的不當現象",224,"賴士葆","legislator","中國國民黨","y"
"因應2050淨零碳排，充分運用台灣資源優勢，發展氫能、太陽能丶海洋能等潔淨能源",450,"鍾佳濱","legislator","民主進步黨","y"
"強力監督政府，落實教育平權。",450,"鍾佳濱","legislator","民主進步黨","y"
"強力監督政府落實：醫療平權。",450,"鍾佳濱","legislator","民主進步黨","y"
"促進學用合一、關懷弱勢學子，减輕家庭負擔。",450,"鍾佳濱","legislator","民主進步黨","y"
"強力監督政府，落實經濟平權。",450,"鍾佳濱","legislator","民主進步黨","y"
"面對境外敵對勢力威脅國家安全，積極推動國防自主、捍衛民主。",450,"鍾佳濱","legislator","民主進步黨","y"
"強力監督政府，落實交通平權。",450,"鍾佳濱","legislator","民主進步黨","y"
"強力監督政府，落實環境平權。",450,"鍾佳濱","legislator","民主進步黨","y"
"推動環島軌道網貉，完善聯外交通建設，包括高鐵、高捷和快速道路等延伸工程，督促按期完成規劃、加速執行早日通車。",450,"鍾佳濱","legislator","民主進步黨","y"
"因應少子化、高齡化人口變遷，優化產業結構、增進生產效能、提高薪資待遇，持續強化國家總體競爭力。",450,"鍾佳濱","legislator","民主進步黨","y"
"發展智慧農業、擴大農業金融、藉由循環農業减輕環境負荷、增進農民收益、充實農業生產、保障糧食安全。",450,"鍾佳濱","legislator","民主進步黨","y"
"迎接全球6G行動通訊趨勢，善用屏東地緣優勢，發展低軌衛星與周邊之太空產業。",450,"鍾佳濱","legislator","民主進步黨","y"
"鞏固台灣在印太區域的重要地位，持續推動新南向經貿、醫療、農業、教育、文化 、人力資源交流。",450,"鍾佳濱","legislator","民主進步黨","y"
"完備偏鄉緊急醫療網、提升醫護待遇丶強化健保財務永續經管。",450,"鍾佳濱","legislator","民主進步黨","y"
"建立常態性國會外交互訪計畫，擴大多面向議題對話管道",430,"郭國文","legislator","民主進步黨","y"
"加強南瀛天文館親子教育互動設施",430,"郭國文","legislator","民主進步黨","y"
"加強善化啤酒廠改造計畫納入親子公園，推廣「活的博物館」",430,"郭國文","legislator","民主進步黨","y"
"監督南科三期擴建2026年如期完工",430,"郭國文","legislator","民主進步黨","y"
"強化景點串聯，透過「以大帶小」擴大效益，打造文資廊道，引流府城觀光人潮",430,"郭國文","legislator","民主進步黨","y"
"推動低利保單貸款、青安貸2.0措施後，持續強化普惠金融制度",430,"郭國文","legislator","民主進步黨","y"
"爭取公費HPV疫苗，落實青少年健康",430,"郭國文","legislator","民主進步黨","y"
"引導金融產業資金投資公共建設，力推REITs法案三讀",430,"郭國文","legislator","民主進步黨","y"
"監督玉井長照盡速落成，並推動台南醫院設置聯合門診與玉井分院",430,"郭國文","legislator","民主進步黨","y"
"監督佳里、麻豆社會住宅進程，爭取興建官田社會住宅",430,"郭國文","legislator","民主進步黨","y"
"持續推動捷運深綠線，加速高鐵至南科之先進軌道建設，連結產業雙引擎",430,"郭國文","legislator","民主進步黨","y"
"爭取西拉雅森活節熱氣球數量加倍",430,"郭國文","legislator","民主進步黨","y"
"爭取善化、麻豆與佳里立體停車場",430,"郭國文","legislator","民主進步黨","y"
"落實梅嶺果樹專區，並推動南化設立果樹專區，活用土地",430,"郭國文","legislator","民主進步黨","y"
"監督楠西灌溉示範區進度，持續推廣農塘農埤設置，打造堅韌供水系統",430,"郭國文","legislator","民主進步黨","y"
"從制度面強化營建業對企業社會責任重視",430,"郭國文","legislator","民主進步黨","y"
"推動溪北以「生活機能區」納入大南科發展計畫，加速生活機能建設",430,"郭國文","legislator","民主進步黨","y"
"保障養殖漁業生產與漁民權益，催生漁業政策白皮書，並配合產業需求爭取冷凍倉儲與加工設施",430,"郭國文","legislator","民主進步黨","y"
"持續推動西拉雅正名修法案通過，並強化文化保存建設",430,"郭國文","legislator","民主進步黨","y"
"持續監督虛擬資產規範，確保投資人得到應有保障，並讓產業健全發展",430,"郭國文","legislator","民主進步黨","y"
"持續爭取校園設施升級，改善孩童教育環境",430,"郭國文","legislator","民主進步黨","y"
"加強總量管制、生態指標門檻等再生能源政策配套措施",430,"郭國文","legislator","民主進步黨","y"
"挺潛艦國造、國防自主，促進全民防衛體系意識，強化國家韌性",430,"郭國文","legislator","民主進步黨","y"
"監督善化牛墟遷址，確保百年文化延續",430,"郭國文","legislator","民主進步黨","y"
"搭配長照3.0，增設長照設施，並結合智慧醫療資源，提供長者優質服務",430,"郭國文","legislator","民主進步黨","y"
"監督金融業對環境、社會與治理的責任，將ESG納入放貸審查標準，落實金融正義",430,"郭國文","legislator","民主進步黨","y"
"深化台日外交，推動日本以具體行動支持台灣加入CPTPP及其他國際組織
",430,"郭國文","legislator","民主進步黨","y"
"加速南科周遭幼托設置",430,"郭國文","legislator","民主進步黨","y"
"舉辦論壇講座，深化產官學橫縱向合作",430,"郭國文","legislator","民主進步黨","y"
"推動國安修法，拒絕中共代理人破壞民主
",430,"郭國文","legislator","民主進步黨","y"
"推動不動產經紀人強制入會，保障不動產交易安全",430,"郭國文","legislator","民主進步黨","y"
"全力爭取新建一座跨曾文溪大橋",430,"郭國文","legislator","民主進步黨","y"
"並藉由國會外交與日韓等國家合作，提升半導體戰略地位，強化經濟安保
",430,"郭國文","legislator","民主進步黨","y"
"中央定期全面稽查綠能案場，避免不肖業者汙名化再生能源，並推動業者自律公約",430,"郭國文","legislator","民主進步黨","y"
"監督溪埔中路拓寬與新闢道路工程，加速進度以配合南科三期
",430,"郭國文","legislator","民主進步黨","y"
"監督善化車站與隆田車站擴建工程，爭取自強號班次增加",430,"郭國文","legislator","民主進步黨","y"
"監督大北門文化中心，儘速爭取中央補助",430,"郭國文","legislator","民主進步黨","y"
"遊說日本國會通過「台灣旅行法」，推動雙邊關係制度化",430,"郭國文","legislator","民主進步黨","y"
"多元手段推廣農作物內銷、外銷與加工",430,"郭國文","legislator","民主進步黨","y"
"通盤檢討選區內都市計畫，以大南科區宏觀思維，進行公共建設規劃",430,"郭國文","legislator","民主進步黨","y"
"延伸防汛道路拓寬計畫至麻豆、大內，通盤檢討南科聯外道路改善",430,"郭國文","legislator","民主進步黨","y"
"強化農村再造、農民福利制度、農業設施，三大農業面向",430,"郭國文","legislator","民主進步黨","y"
"提出融資公司專法，確保金融服務使用者權益接受到法規保障",430,"郭國文","legislator","民主進步黨","y"
"研議房租漲價備審制，保障租客權益，避免換約時有不合理漲價",430,"郭國文","legislator","民主進步黨","y"
"加速山上工業區直達西拉雅大道新闢道路",430,"郭國文","legislator","民主進步黨","y"
"監督綠能回饋金機制，保障農漁民生計權益",430,"郭國文","legislator","民主進步黨","y"
"滾動檢討保安林地解編，因地制宜符合地方需求",180,"陳超明","legislator","無黨籍及未經政黨推薦","y"
"重新檢討雙語政策內容，加強技職教育",180,"陳超明","legislator","無黨籍及未經政黨推薦","y"
"維護中華民國主權，以自由民主為基礎向外拓展國際關係",180,"陳超明","legislator","無黨籍及未經政黨推薦","y"
"監督政府不當介入媒體，反對NCC淪為民進黨打手",180,"陳超明","legislator","無黨籍及未經政黨推薦","y"
"制定營養午餐專法，家長、學生都放心",180,"陳超明","legislator","無黨籍及未經政黨推薦","y"
"持續爭取中央在苗栗興建青年住宅，讓青年居住免煩惱",180,"陳超明","legislator","無黨籍及未經政黨推薦","y"
"推動跨部會反詐騙專責單位，從源頭防止詐騙",180,"陳超明","legislator","無黨籍及未經政黨推薦","y"
"修改國營事業管理法，杜絕政黨酬庸",180,"陳超明","legislator","無黨籍及未經政黨推薦","y"
"修法推動65歲以上長者、55歲以上原民，免納健保費",180,"陳超明","legislator","無黨籍及未經政黨推薦","y"
"檢討民進黨假國家隊名義推動的不當政策",180,"陳超明","legislator","無黨籍及未經政黨推薦","y"
"提高社福項目，讓老弱婦孺皆有所養",180,"陳超明","legislator","無黨籍及未經政黨推薦","y"
"爭取苗栗醫院改制為台大醫院分院",180,"陳超明","legislator","無黨籍及未經政黨推薦","y"
"根據各年齡增加各項醫療項目補助",180,"陳超明","legislator","無黨籍及未經政黨推薦","y"
"加強保障農漁民權益，提升應有福利",180,"陳超明","legislator","無黨籍及未經政黨推薦","y"
"不當超徵稅收應還稅於民",180,"陳超明","legislator","無黨籍及未經政黨推薦","y"
"檢討能源政策，推行綠能核電",180,"陳超明","legislator","無黨籍及未經政黨推薦","y"
"堅持九二共識、一中各表，推動兩岸多元交流對話，避免戰爭",180,"陳超明","legislator","無黨籍及未經政黨推薦","y"
"因應苗栗低丘緩坡地形，檢討不合時宜法令",180,"陳超明","legislator","無黨籍及未經政黨推薦","y"
"持續提出財政收支劃分法修法，增加苗栗創稅分配",180,"陳超明","legislator","無黨籍及未經政黨推薦","y"
"提高勞工權益保障，共享經濟果實",180,"陳超明","legislator","無黨籍及未經政黨推薦","y"
"爭取年輕世代福祉，讓青年子弟能扎根苗栗",180,"陳超明","legislator","無黨籍及未經政黨推薦","y"
"擴大設置定點臨托，育兒工作兩端從容。",395,"邱志偉","legislator","民主進步黨","y"
"加強產業政策：穩定生產要素供給，降低貿易障礙，強化地缘政治風險因應",395,"邱志偉","legislator","民主進步黨","y"
"籌設岡山國際棒球村，春訓基地帶動觀光商機",395,"邱志偉","legislator","民主進步黨","y"
"廣設運動休憩場域，健康生活惬意同行。",395,"邱志偉","legislator","民主進步黨","y"
"善用學校在地能量，連結社區文化歷史，營造創生帶動就業",395,"邱志偉","legislator","民主進步黨","y"
"強化區域路網：積極推動台39線南延仁武、台61線南延梓官、國1高科交流道東延台19甲線等公路設施，完善區域路網可及性，促進地方發展。",395,"邱志偉","legislator","民主進步黨","y"
"提高農漁收入：擴大農業保險類型，加強農民福利措施及產業升級輔導。",395,"邱志偉","legislator","民主進步黨","y"
"落實教育機會平等，協助社經弱勢學子，持續挹注獎助學金",395,"邱志偉","legislator","民主進步黨","y"
"糖廠增設森林碳匯教育館，綠色教育加值林業軌跡。",395,"邱志偉","legislator","民主進步黨","y"
"充實社區長照量能，維護長者健康尊嚴",395,"邱志偉","legislator","民主進步黨","y"
"爭取校園建設經費，串聯在地科技資源，營造科技教學環境",395,"邱志偉","legislator","民主進步黨","y"
"積極推廣社會住宅，减輕青年住屋負擔。",395,"邱志偉","legislator","民主進步黨","y"
"落實捷運建設：確保岡山路竹延伸線和高鐵右昌學園線如期完工，串聯北高雄和東高雄生活圈，提供高品質捷運服務，打造宜居北高雄",395,"邱志偉","legislator","民主進步黨","y"
"把關營養午餐品質，精進在地食材供應，擴大推動食農教育",395,"邱志偉","legislator","民主進步黨","y"
"海線多元發展：推動漁業生技專區、遊艇產業鏈、漁港整建活化及環境再造",395,"邱志偉","legislator","民主進步黨","y"
"提升教保人員補助，確保職場待遇合理，推動友善工作環境",395,"邱志偉","legislator","民主進步黨","y"
"醒村、樂群村活化推進，歷史記憶建構文化肌理",395,"邱志偉","legislator","民主進步黨","y"
"完善防洪治水：確保北高雄河川及區域排水整體改善丶水岸環境營造如期落實。",395,"邱志偉","legislator","民主進步黨","y"
"改善交通體驗：爭取道路改善拓寬，提升道路品質，紓解交通壅塞，推動北高雄公路公共運輸服務升級計畫。",395,"邱志偉","legislator","民主進步黨","y"
"爭取投資高雄：推動橋科二期聖森路丶嘉華等產業園區，增加高薪就業機會。",395,"邱志偉","legislator","民主進步黨","y"
"強化供水韌性：擴大開發海淡廠再生水廠等多元水資源，提升供水備援調度。",395,"邱志偉","legislator","民主進步黨","y"
"爭取綜合行政中心行政服務遍及鄉里。",395,"邱志偉","legislator","民主進步黨","y"
"擴增公共化幼兒園，照護品質從嚴把關，減輕家長照顧負擔",395,"邱志偉","legislator","民主進步黨","y"
"打通塞車瓶頸：新開道路或高架橋；道路拓寬、道路截彎取直",399,"徐欣瑩","legislator","中國國民黨",NA
"依財政收入成長爭取提高全國教育經費編列下限1%（預計300億）",399,"徐欣瑩","legislator","中國國民黨",NA
"給予職業婦女彈性工時或遠距工作，推動職場對女性更平等的績效考核制度",399,"徐欣瑩","legislator","中國國民黨",NA
"老農津貼每月1萬元：建置缺工人力平台解決農漁民缺工問題",399,"徐欣瑩","legislator","中國國民黨",NA
"學生學貸免利息",399,"徐欣瑩","legislator","中國國民黨",NA
"穩定教師待遇與福利",399,"徐欣瑩","legislator","中國國民黨",NA
"推動「長健法」：讓國人長壽而且健康",399,"徐欣瑩","legislator","中國國民黨",NA
"坡頭漁港擴港",399,"徐欣瑩","legislator","中國國民黨",NA
"新住民懷孕全面納入健保",399,"徐欣瑩","legislator","中國國民黨",NA
"力保勞保基金永續發展",399,"徐欣瑩","legislator","中國國民黨",NA
"爭取TPASS普及全台",399,"徐欣瑩","legislator","中國國民黨",NA
"推動智慧校園：優化英語學習環境、增加國際教育資源",399,"徐欣瑩","legislator","中國國民黨",NA
"發展西濱海岸休閒觀光",399,"徐欣瑩","legislator","中國國民黨",NA
"稅制改革：調降自住稅率1.2%降至0.6%",399,"徐欣瑩","legislator","中國國民黨",NA
"推動在地社區營造",399,"徐欣瑩","legislator","中國國民黨",NA
"重視技職就學環境",399,"徐欣瑩","legislator","中國國民黨",NA
"監督政府：資訊公開、人事獎懲有據、任用公開透明",399,"徐欣瑩","legislator","中國國民黨",NA
"勞工加薪、企業减稅",399,"徐欣瑩","legislator","中國國民黨",NA
"就讀私立機構每月補助1萬元",399,"徐欣瑩","legislator","中國國民黨",NA
"竹縣高中增校增班，充實教學設備設施",399,"徐欣瑩","legislator","中國國民黨",NA
"設立農漁產銷交易中心",399,"徐欣瑩","legislator","中國國民黨",NA
"提高公糧收購價格、提高停灌休耕補助及綠色環境給付",399,"徐欣瑩","legislator","中國國民黨",NA
"興建停車場；建置及優化人行步道；為長者、通勤族及學生增加大眾運输",399,"徐欣瑩","legislator","中國國民黨",NA
"強化監察院的功能，避免成為政治打手或功能不彰",399,"徐欣瑩","legislator","中國國民黨",NA
"支持青年創新創業，提供青創基地、青創貸款",399,"徐欣瑩","legislator","中國國民黨",NA
"立法保護吹哨者及其家屬或密切關係人之人身及各項安全",399,"徐欣瑩","legislator","中國國民黨",NA
"修正預算法，明訂實徵數大於預算數時之差額應用於特定之福國利民使用",399,"徐欣瑩","legislator","中國國民黨",NA
"提高育嬰留職津貼",399,"徐欣瑩","legislator","中國國民黨",NA
"檢討108課綱，檢驗教育妥適性",399,"徐欣瑩","legislator","中國國民黨",NA
"《財政收支劃分法》修法，為新竹縣爭取中央預算之合理分配",399,"徐欣瑩","legislator","中國國民黨",NA
"各鄉鎮農漁產品進入六都產銷平台",399,"徐欣瑩","legislator","中國國民黨",NA
"基本工資調高至33,000元",399,"徐欣瑩","legislator","中國國民黨",NA
"為新住民打造就業平權環境丶開設高階職訓班",399,"徐欣瑩","legislator","中國國民黨",NA
"結合各鄉鎮農村特色發展多元化休閒農業觀光",399,"徐欣瑩","legislator","中國國民黨",NA
"就讀公立、非營利準公共化托嬰托育和幼兒園一律免月費",399,"徐欣瑩","legislator","中國國民黨",NA
"檢討各項不合理賦稅予以减稅打擊詐騙：修法提高詐騙刑責，加強跨國聯合查緝",399,"徐欣瑩","legislator","中國國民黨",NA
"監督推動 2030 國家雙語政策，強化年輕世代國際競爭力",378,"陳亭妃","legislator","民主進步黨","y"
"整合各部會資源，加速推動台南地方創生計畫",378,"陳亭妃","legislator","民主進步黨","y"
"協助在地文創、藝文團體爭取資源補助經費",378,"陳亭妃","legislator","民主進步黨","y"
"串連地景、宗教、文化、美食景點，完善地方觀光產業發展",378,"陳亭妃","legislator","民主進步黨","y"
"持續爭取治水及排水改善經費，落實河川治理與解決水患問題",378,"陳亭妃","legislator","民主進步黨","y"
"推動優質台南生活圈道路、打造台南運輸交通網、落實便利經濟生活圈",378,"陳亭妃","legislator","民主進步黨","y"
"持續捍衛弱勢、勞工、婦女、農漁民、青年、中小企業等權益",378,"陳亭妃","legislator","民主進步黨","y"
"加速落實台灣 2050 淨零排放目標，促成產業轉型",378,"陳亭妃","legislator","民主進步黨","y"
"加速爭取長照衛福據點，完備社福與數位長照服務",378,"陳亭妃","legislator","民主進步黨","y"
"因應後疫情時代，推動產業創新升級、維持全球競爭力關鍵產業領先地位",378,"陳亭妃","legislator","民主進步黨","y"
"保障農漁民權益，度過天然災害困境",378,"陳亭妃","legislator","民主進步黨","y"
"擴大爭取教育、體育經費資源，改善國中小學設備及體育設施；培訓在地優質體育運動選手",378,"陳亭妃","legislator","民主進步黨","y"
"高中職學費全免，減輕高教學費負擔，促進教育平權",38501,"李坤城","legislator","民主進步黨",NA
"針對新型態詐騙犯罪，研擬修法加重刑度，並確立虛擬貨幣法律定位，訂定相關規範。
",38501,"李坤城","legislator","民主進步黨",NA
"落實法規調適，支持中小微型企業的發展，加速數位轉型，鼓勵地方創生",38501,"李坤城","legislator","民主進步黨",NA
"督促捷運北環線如期完工，增設機場捷運A2a站， 大眾運輸更便利",38501,"李坤城","legislator","民主進步黨",NA
"市立三重分館改建為多功能旗艦型圖書館",38501,"李坤城","legislator","民主進步黨",NA
"強化經濟韌性及確保供應鏈安全，與民主國家建立強健夥伴關係，確保國家安全和平",38501,"李坤城","legislator","民主進步黨",NA
"興建社會住宅，增加租金補貼及提高青年安心成家 貸款，落實居住正義",38501,"李坤城","legislator","民主進步黨",NA
"擴大公共化及準公共托育量能，減輕家長托育費用",38501,"李坤城","legislator","民主進步黨",NA
"修改動保法，提高虐殺動物者的刑期及罰金，提升救援動物醫療水準",38501,"李坤城","legislator","民主進步黨",NA
"三重醫院擴建升級，提升醫療品質與量能",38501,"李坤城","legislator","民主進步黨",NA
"增加共融式特色遊具公園，拓展全齡樂活空間",38501,"李坤城","legislator","民主進步黨",NA
"維護學童權益，優先改善校園周邊安全通行路網",38501,"李坤城","legislator","民主進步黨",NA
"活化開放國有地，爭取興建停車場及公益設施",38501,"李坤城","legislator","民主進步黨",NA
"推動符合人本交通及永續都市的「交通安全基本法」，還路於民，友善婦幼嬰兒及身障弱勢者。",38501,"李坤城","legislator","民主進步黨",NA
"疏通南勢角車流，開闢南勢公路隧道直通中安大橋到達台北信義區(101大樓)。
",44345,"張智倫","legislator","中國國民黨",NA
"徹查疫苗快篩劑與雞蛋採購弊案",44345,"張智倫","legislator","中國國民黨",NA
"爭取中和各公園增設地下停車場，緩解鄉親停車需求。",44345,"張智倫","legislator","中國國民黨",NA
"扶養12歲以下子女，原本扣除額提高50%。",44345,"張智倫","legislator","中國國民黨",NA
"廣設社會住宅、推動都更與改建，落實青年居住正義。",44345,"張智倫","legislator","中國國民黨",NA
"引進文創產業",44345,"張智倫","legislator","中國國民黨",NA
"逐步調高基本工資到35000元。",44345,"張智倫","legislator","中國國民黨",NA
"活化閒置國有地，廣設育嬰公托中心及老人日間照護中心等社福據點",44345,"張智倫","legislator","中國國民黨",NA
"解散浪費預算的國家隊、辦公室，清理國營事業酬庸弊端。",44345,"張智倫","legislator","中國國民黨",NA
"立法保障教師管教權，結合輔導室的資源，視學生身心狀況及需求，提供發展性輔導，教導孩子對自己的行為負責，並兼顧教師權益與教學品質。",44345,"張智倫","legislator","中國國民黨",NA
"成立新住民專責中央機構，照顧每位新住民的權益。",44345,"張智倫","legislator","中國國民黨",NA
"特二號快速道路(台65甲)延伸中和市區以及華中橋，推動中和大排水溝東側30米林蔭大道，連結北二高、台64線快速道路與新北環河快速道路。",44345,"張智倫","legislator","中國國民黨",NA
"員山區泰板輕軌增設輕軌壽德站、輕軌國光站 兩站與捷運萬大線共構。",44345,"張智倫","legislator","中國國民黨",NA
"重啟特偵組掃貪、抓黑金、拚治安。",44345,"張智倫","legislator","中國國民黨",NA
"所得淨額56萬以下、薪資所得占課稅總額 七成以上的受薪階級，所得稅減半。",44345,"張智倫","legislator","中國國民黨",NA
"灰磘農業區轉型科技園區，創造在地就業機會， 並加速灰確都市計畫區段徵收、監督經費開支。",44345,"張智倫","legislator","中國國民黨",NA
"為30歲以下年輕人加薪，可扣抵當年營利事業所得額，由150%提高到220%。",44345,"張智倫","legislator","中國國民黨",NA
"公司提撥稅後盈餘為員工加薪超過1%， 超過部分扣抵當年營利所得額，可提高至 150%",44345,"張智倫","legislator","中國國民黨",NA
"推動年金基本法，建立制度性調整機制，隨物價指數上漲達一定門檻時，同步進行調整。",44345,"張智倫","legislator","中國國民黨",NA
"要求落實社會住宅興建。",44412,"徐富癸","legislator","民主進步黨",NA
"強化公共衛生政策，推動不分男女免費接種HPV（人類乳突病毒）疫苗，讓台灣HPV防癌政策跟上國際趨勢。",44412,"徐富癸","legislator","民主進步黨",NA
"持續爭取校園內設施改善，包括老舊校舍、廁所、操場及風雨球場，讓教育資源進入屏南。",44412,"徐富癸","legislator","民主進步黨",NA
"要求重視南客，挹注資源發展六堆客家文化暨產業。",44412,"徐富癸","legislator","民主進步黨",NA
"要求強化職場安全，落實勞動檢查，以保障勞工權益。",44412,"徐富癸","legislator","民主進步黨",NA
"加強照顧長輩、幼兒國家養政策、政策減輕年輕人負擔，及身心障礙弱勢照顧",44412,"徐富癸","legislator","民主進步黨",NA
"推動一鄉鎮一特色，以多樣化觀光元素吸引人潮，提升觀光產業產值，保障觀光從業人口權益。",44412,"徐富癸","legislator","民主進步黨",NA
"強化偏鄉醫療，採專案增加診療科別及設備、補足醫護人力，由教學醫院支援偏鄉醫療。",44412,"徐富癸","legislator","民主進步黨",NA
"請中央加速建設冷鏈包裝加工廠、順暢行銷管道、提供完善農業資訊、提升天然災害救助補貼效率。",44412,"徐富癸","legislator","民主進步黨",NA
"盯緊高捷延伸新園-東港-林邊、屏南快速道路、高鐵延伸到潮州、恆春觀光鐵道等重大交通建設進度。",44412,"徐富癸","legislator","民主進步黨",NA
"強化漁港建設、保護漁民安全。",44412,"徐富癸","legislator","民主進步黨",NA
"加入區域經濟組織，提升產業優勢",445,"魯明哲","legislator","中國國民黨","y"
"強化青年職涯發展平台與青創基地",445,"魯明哲","legislator","中國國民黨","y"
"續推動機捷A23、綠捷延伸中壢。",445,"魯明哲","legislator","中國國民黨","y"
"重點發展各項體育，推廣全民運動。",445,"魯明哲","legislator","中國國民黨","y"
"加速鐵路地下化，中壢車站翻新。",445,"魯明哲","legislator","中國國民黨","y"
"維護勞工、農民、軍公教權益",445,"魯明哲","legislator","中國國民黨","y"
"爭取提高桃園中央統籌分配款補助。
",445,"魯明哲","legislator","中國國民黨","y"
"重啟兩岸溝通平台，創造和平氛圍。",445,"魯明哲","legislator","中國國民黨","y"
"核心產業根留台灣，保障就業機會",445,"魯明哲","legislator","中國國民黨","y"
"尊重多元文化，族群包容共榮。
",445,"魯明哲","legislator","中國國民黨","y"
"加速公宅建設，落實居住正義。
",445,"魯明哲","legislator","中國國民黨","y"
"維持台海現狀，共創兩岸雙贏",445,"魯明哲","legislator","中國國民黨","y"
"加速中豐北路及大竹交流道建設。
",445,"魯明哲","legislator","中國國民黨","y"
"加強弱勢補貼，擴充長照量能。",445,"魯明哲","legislator","中國國民黨","y"
"恢復特偵組，徹查貪腐疑雲",445,"魯明哲","legislator","中國國民黨","y"
"充實學校硬體建設，重視品格教育。",445,"魯明哲","legislator","中國國民黨","y"
"加速興建泰板輕軌社後支線，讓社後居民出入更便利，生活機能更完善。",426,"張宏陸","legislator","民主進步黨","y"
"督促新板特區國家兒童未來館如期興建，打造出亞洲第一的兒童遊憩場館",426,"張宏陸","legislator","民主進步黨","y"
"支持青年創新創業，提供資金及擴增地方創生工作站，支持年輕人在地創生。",426,"張宏陸","legislator","民主進步黨","y"
"爭取廣設公托公幼；推動公共幼兒園寒、 暑假服務，延長平日晚間托育時間。",426,"張宏陸","legislator","民主進步黨","y"
"持續爭取地下停車場，建構捷運、公車、單車和更友善行人的大眾交通環境。",426,"張宏陸","legislator","民主進步黨","y"
"強化半導體國家級戰略，產業導入AI、5G與大數據應用，打造智慧科技島",426,"張宏陸","legislator","民主進步黨","y"
"加速綠能科技，超前部屬減碳與自動化提升競爭力，穩健邁向2050淨零目標。",426,"張宏陸","legislator","民主進步黨","y"
"加速《動物保護法》修法，建立公共寵物殯葬服務，寵物往生善終有依靠。",426,"張宏陸","legislator","民主進步黨","y"
"提高生育、育嬰留職停薪津貼補助，加碼坐月子補助，讓年輕世代安心生養。
",426,"張宏陸","legislator","民主進步黨","y"
"檢討巴氏量表標準，強化喘息服務;打造居家、社區、醫療一體式長照服務。",426,"張宏陸","legislator","民主進步黨","y"
"修正「法官法」，加強對法官及檢察官的行政監督責任，改善司法審判品質。",426,"張宏陸","legislator","民主進步黨","y"
"提高敬老卡搭乘台鐵補助額度，爭取未來也能搭高鐵，鼓勵長輩外出走動。",426,"張宏陸","legislator","民主進步黨","y"
"針對金融商品P2P等新型借貸設立專責篇章，杜絕假債權吸金詐騙。",426,"張宏陸","legislator","民主進步黨","y"
"投資技職教育，串聯技職學校設備、師生和產業界的需求，讓畢業即可就業。",426,"張宏陸","legislator","民主進步黨","y"
"國中、小學開設「情感教育課程與教學」避免校園性騷擾、霸凌問題發生。",426,"張宏陸","legislator","民主進步黨","y"
"加速都市更新、危老整合的審議通關時程，加碼補助老舊公寓安裝電梯。",426,"張宏陸","legislator","民主進步黨","y"
"運動全民化、多元化，提高預算補助各中小學如足球、街舞、直排輪等社團。",426,"張宏陸","legislator","民主進步黨","y"
"修法中低收入補助要實際貼近救助申請者的生活現況，通盤檢討計算標準。",426,"張宏陸","legislator","民主進步黨","y"
"積極爭取國道一號新設竹北第二交流道分流紓解台元科技園區周邊平面道路交通壅塞",421,"林思銘","legislator","中國國民黨","y"
"推動獎勵企業興建工業住宅政策、創造勞工企業雙贏",421,"林思銘","legislator","中國國民黨","y"
"積極爭取經費打造竹北頭前溪右岸運動休閒公園及竹東河濱公園再進化",421,"林思銘","legislator","中國國民黨","y"
"加強推動「客家語言發展法」立院過關，促進客語保存及推廣",421,"林思銘","legislator","中國國民黨","y"
"持續推動臺68快速道路銜接竹東民權路交流道及推動新闢公道五連接竹東二重光明路聯絡道路",421,"林思銘","legislator","中國國民黨","y"
"推動勞工加薪、企業減稅、基本工資逐步調高至33000元",421,"林思銘","legislator","中國國民黨","y"
"督促臺68快速道路延伸竹東-橫山段工程儘速完工通車",421,"林思銘","legislator","中國國民黨","y"
"持續推動興建社會住宅，提供年輕族群及弱勢家庭有屋住",421,"林思銘","legislator","中國國民黨","y"
"積極爭取打造浪漫臺三線茶葉博物館及設立農特產品展銷中心",421,"林思銘","legislator","中國國民黨","y"
"持續推動爭取竹科三期及臺灣知識經濟園區審議通過，促進地方產業發展提升",421,"林思銘","legislator","中國國民黨","y"
"積極爭取國道三號新設竹東二重交流道",421,"林思銘","legislator","中國國民黨","y"
"推動提供初入職場青年每年五十萬意外險、持續兩年",421,"林思銘","legislator","中國國民黨","y"
"持續爭取縣內新設高中及公立高中職增班，讓孩子能就近就學",421,"林思銘","legislator","中國國民黨","y"
"推動18歲公民權、召開青年國是會議",421,"林思銘","legislator","中國國民黨","y"
"推動竹北高鐵站道路進出改善計畫",421,"林思銘","legislator","中國國民黨","y"
"持續推動大新竹輕軌捷運的建置完成，爭取機場捷運延伸至新竹縣市",421,"林思銘","legislator","中國國民黨","y"
"積極爭取竹北鑽石型交流道改善興建，以利改善光明六路平面道路往交流道南北雙向車流壅塞。",421,"林思銘","legislator","中國國民黨","y"
"積極爭取客委會設置客家義民文化園區，傳承客家義民爺忠義精神",421,"林思銘","legislator","中國國民黨","y"
"持續推動臺68快速道路連接國道一號及國道三號",421,"林思銘","legislator","中國國民黨","y"
"持續推動都市更新及電桿、電箱電纜地下化工程",421,"林思銘","legislator","中國國民黨","y"
"台中捷運橘線可行性研究，力拚2026年核定",208,"楊瓊瓔","legislator","中國國民黨","y"
"透過「稅賦減免丶公托增額丶私托補助」，0-6歲孩子由政府來照顧。",208,"楊瓊瓔","legislator","中國國民黨","y"
"爭取文化部補助潭子、大雅、神岡、后里市定古蹟12處、歷史建築8處，能夠獲得更完善的保存、傳承與發揚。",208,"楊瓊瓔","legislator","中國國民黨","y"
"督促豐原醫院后里分院及長照機構如期如質完工，持續推動完整的長期照顧體系，保障失能老人與身心障礙者能獲得適切照護，整合政府與民間資源，提昇長照服務品質。",208,"楊瓊瓔","legislator","中國國民黨","y"
"爭取中央教育經費補助各校老舊校舍改建、耐震補強工程及改善充實教學環境設備。",208,"楊瓊瓔","legislator","中國國民黨","y"
"爭取舊山線復駛，中央資源補助優化潭雅神綠園道、后豐鐵馬道及興建旱溪堤頂自行車道、潭子綠空廊道跨越台74線橋下自行車橋",208,"楊瓊瓔","legislator","中國國民黨","y"
"協調法務部中部地區大型贓物庫遷建，並透過都市計畫通檢變更為住宅區，增加住宅用地及公園綠地等各項公共設施。",208,"楊瓊瓔","legislator","中國國民黨","y"
"督促國道1號后里到大雅路段拓寬並增設南出及南入匝道計畫、國道一號大雅交流道銜接台74線工程如期如質完工。",208,"楊瓊瓔","legislator","中國國民黨","y"
"要求中央儘速核定捷運藍線綜合規劃，力拚2026年動工。",208,"楊瓊瓔","legislator","中國國民黨","y"
"引中央資源開發聚興產業園區、豐洲科技產業園區、擴大神岡都市計畫產業園區",208,"楊瓊瓔","legislator","中國國民黨","y"
"持續完成花東雙軌電氣化、花蓮市吉安鄉七個危險平交道高架化。",285,"傅崐萁","legislator","中國國民黨","y"
"打破城鄉差距，全國65歲以上長者免健保費。",285,"傅崐萁","legislator","中國國民黨","y"
"協助農業發展，開拓外銷市場。",285,"傅崐萁","legislator","中國國民黨","y"
"爭取台灣燈會及國際賽事在花蓮。",285,"傅崐萁","legislator","中國國民黨","y"
"國家訂定本國勞工與外國勞工薪資脫勾，留住台灣人才。",285,"傅崐萁","legislator","中國國民黨","y"
"強化居住正義，完善銀髮長照。",285,"傅崐萁","legislator","中國國民黨","y"
"國家支持青年成家專案， 補貼首次購屋利息50%，期間15年。",285,"傅崐萁","legislator","中國國民黨","y"
"信賴保護、回復正義，對不合理的軍公教年改要廢止，實現國家承諾，返還公道。",285,"傅崐萁","legislator","中國國民黨","y"
"持續推動寵物友善環境，增設寵物園區及運動空間。",285,"傅崐萁","legislator","中國國民黨","y"
"決戰花東快，打通花蓮國道6號，動工蘇花安。",285,"傅崐萁","legislator","中國國民黨","y"
"廢除民間所稱 「東廠機構」 黨產會、促轉會。",285,"傅崐萁","legislator","中國國民黨","y"
"友善生育補助，支持兒少教育。",285,"傅崐萁","legislator","中國國民黨","y"
"推動港區開發，觀光休閒漁區。",285,"傅崐萁","legislator","中國國民黨","y"
"弘揚客家文化、客語扎根，緬懷義民精神。",285,"傅崐萁","legislator","中國國民黨","y"
"推動環島高鐵路網 - 宜蘭延伸花蓮。",285,"傅崐萁","legislator","中國國民黨","y"
"國家訂定長照 「時間銀行」 之完善配套，以利老人安養關懷。",285,"傅崐萁","legislator","中國國民黨","y"
"扭轉能源政策，確保產業升級。",285,"傅崐萁","legislator","中國國民黨","y"
"治山防洪，提升防災型基礎建設。",285,"傅崐萁","legislator","中國國民黨","y"
"繼續推動環島高速路網。",285,"傅崐萁","legislator","中國國民黨","y"
"落實平等教育，推動16年義務教育至大學畢業，培養弱勢生享有同等受教權。",285,"傅崐萁","legislator","中國國民黨","y"
"平衡區域發展，落實花東建設。",285,"傅崐萁","legislator","中國國民黨","y"
"國家開放外資，投資臺灣，並訂定本國勞工比例不得低於80%。",285,"傅崐萁","legislator","中國國民黨","y"
"推動大學與企業合作，企業晉用青年並提高工資得減免稅賦，解決青年低薪困境。",285,"傅崐萁","legislator","中國國民黨","y"
"遷移土城看守所定案爭取171億，現正辦理招標。園區中建設7.8公頃森林親子主題公園，媲美大安森林公園。",417,"吳琪銘","legislator","民主進步黨","y"
"推動樹林雙向交流道，解決北大塞車困境，爭取長福立體停車 場改善三峽停車問題。",417,"吳琪銘","legislator","民主進步黨","y"
"變電所室內化完工爭取27億，化身爲綠色廊道。
",417,"吳琪銘","legislator","民主進步黨","y"
"爭取土城、三峽捷運站站有社宅、解決青年居住問題! 興建中1294戶、已決標423戶、規劃中782戶。",417,"吳琪銘","legislator","民主進步黨","y"
"長福橋重建總工程費9.19億，預計114年8月完工，三鶯大橋改建完成，總經費23億，已全線雙向通車。",417,"吳琪銘","legislator","民主進步黨","y"
"班班有冷氣、爭取26所國中小校舍修繕超過 2.2億(補助修繕校舍、PU跑道、廁所整建等)
",417,"吳琪銘","legislator","民主進步黨","y"
"三峽河整治爭取經費達1億5千萬，配合周邊步道改建，打造運動休憩好場所。",417,"吳琪銘","legislator","民主進步黨","y"
"極力推動土城、三峽AI科技園區，結合捷運、快速道路及高速公路整體路網，串聯各科學園區，並透過立法院與行政院來共 同推動，培養國家下一個兆元產業，帶動地方發展與就業，讓 在地青年有未來。
",417,"吳琪銘","legislator","民主進步黨","y"
"全面飲用翡翠水 爭取三峽供水戶數達四萬五千戶，生活品質再提升",417,"吳琪銘","legislator","民主進步黨","y"
"續推學校地下停車場，改善都市停車 問題，推動公館溝改善計畫，打造兩岸櫻花親水廊道。闢建零碳公園，創造減碳綠化生活。
",417,"吳琪銘","legislator","民主進步黨","y"
"爭取親子陪伴票，在地推動年年有紙風車，兒童星光電影院 支持凍卵補助、產婦心諮，改善產育環境。",417,"吳琪銘","legislator","民主進步黨","y"
"爭取觀光署資助，推動三峽好行旅遊巴士。 重啟鳶山鐘，整合連結，打造觀光熱點。",417,"吳琪銘","legislator","民主進步黨","y"
"推動台電電纜、電箱地下化，保護市民行走空間，恢復清潔的天空。",417,"吳琪銘","legislator","民主進步黨","y"
"三鶯線爭取502億經費並規劃軌道全罩式隔音預計114年完工。萬大線總經費555億，積極爭取總經費增加200億。
",417,"吳琪銘","legislator","民主進步黨","y"
"兩岸和平示範先行，便捷福馬一日生活",400,"陳雪生","legislator","中國國民黨","y"
"擘劃交通長遠規劃，積極爭取馬祖大橋",400,"陳雪生","legislator","中國國民黨","y"
"打造健康樂活島嶼，推動發展休閒運動",400,"陳雪生","legislator","中國國民黨","y"
"實現永續淨零碳排，打造馬祖碳匯經濟",400,"陳雪生","legislator","中國國民黨","y"
"產業輔導地方創生，鼓勵青年返鄉創業",400,"陳雪生","legislator","中國國民黨","y"
"實現土地公平正義，務實推展還地於民",400,"陳雪生","legislator","中國國民黨","y"
"數位升級智慧島嶼，拓展雲端數據開發",400,"陳雪生","legislator","中國國民黨","y"
"增進財源活絡發展，興建馬祖酒廠二廠",400,"陳雪生","legislator","中國國民黨","y"
"落實馬祖文化平權，擴充藝術島策展面",400,"陳雪生","legislator","中國國民黨","y"
"實現弱勢居住正義，四鄉五島社會住宅",400,"陳雪生","legislator","中國國民黨","y"
"大崗高中獨立設校、爭取選區各級中小學設校及擴建經費，解決爆班問題",38740,"牛煦庭","legislator","中國國民黨",NA
"檢討公寓大廈管理條例，輔導管理品質再升級",38740,"牛煦庭","legislator","中國國民黨",NA
"南崁溪水質加強監測",38740,"牛煦庭","legislator","中國國民黨",NA
"爭取預算增購機捷車廂、把關捷運棕線、捷運綠線進度、爭取國道客運與公 車專案預算，全面升級大眾運輸，為人本交通打基礎",38740,"牛煦庭","legislator","中國國民黨",NA
"捍衛勞工權益",38740,"牛煦庭","legislator","中國國民黨",NA
"清算政府黑箱決策、施政訊息公開透明",38740,"牛煦庭","legislator","中國國民黨",NA
"修法重罰詐騙，加強源頭控管",38740,"牛煦庭","legislator","中國國民黨",NA
"支持囤房稅、租屋市場透明，落實居住正義",38740,"牛煦庭","legislator","中國國民黨",NA
"外交專業取代政治語言",38740,"牛煦庭","legislator","中國國民黨",NA
"國一甲東段重啟討論、打通各區域瓶頸道路",38740,"牛煦庭","legislator","中國國民黨",NA
"爭取產專區享中央政策優惠",38740,"牛煦庭","legislator","中國國民黨",NA
"重啟「行政區劃程序法」議案，加强政府跨域治理能力",38740,"牛煦庭","legislator","中國國民黨",NA
"政策鼓勵生育",38740,"牛煦庭","legislator","中國國民黨",NA
"增加長照資源
",38740,"牛煦庭","legislator","中國國民黨",NA
"志願役待遇全面升級",38740,"牛煦庭","legislator","中國國民黨",NA
"活化閒置公有地，增設共融式公園、停車場、公車駐車站",38740,"牛煦庭","legislator","中國國民黨",NA
"以核養綠，推動務實能源政策",38740,"牛煦庭","legislator","中國國民黨",NA
"溝通中央，都市計畫尊重地方意見、合理審查",38740,"牛煦庭","legislator","中國國民黨",NA
"反對國光、長生電廠擴建；要求煉油廠逐年轉型",38740,"牛煦庭","legislator","中國國民黨",NA
"積極推動在地的鐵道文化、花卉產業、生態資源、農村文化，結合地方民俗節慶、馬拉松盛會等，推動深度觀光旅遊，帶動彰化觀光產業發展。",434,"陳素月","legislator","民主進步黨","y"
"爭取各級學校更完善的心理健康支持資源，推動非語言形式的諮商運用，使特教生與青少年輔導有更多元的模式。",434,"陳素月","legislator","民主進步黨","y"
"持續支持發展綠能產業、循環經濟，讓產業能符合國際綠能標準，進軍國際市場帶動產業成長",434,"陳素月","legislator","民主進步黨","y"
"爭取中央經費，協助地方規劃設置各級長照據點，讓長輩受到妥善的照顧、在地老化。",434,"陳素月","legislator","民主進步黨","y"
"推動地方創生及擴大青年就業：協助爭取中央經費進行地方創生計畫，根據各鄉鎮特色，再造在地產業，從觀光產業、創意加值、技術提昇等面向，強化地方產業發展及地方生活機能，吸引青年返鄉。",434,"陳素月","legislator","民主進步黨","y"
"強化高鐵彰化站對外交通路網，提升運輸能量，包含持續推動台鐵田中支線 ( 田中高鐵站 - 田中台鐵站 )，銜接集集支線，提升中部地區聯外的便利性，串聯成觀光廊帶，讓田中鎮成為彰化、南投、雲林重要的交通門戶，帶動地方發展。",434,"陳素月","legislator","民主進步黨","y"
"持續督促東彰快速道路興建工程盡早完工，提升彰化東半部的交通便利性",434,"陳素月","legislator","民主進步黨","y"
"敦促政府強化台灣產業及投資環境，爭取員林新設工業區，吸引企業返鄉投資，促進產業升級，擴大就業機會，保障勞工權益，創造勞資雙贏。",434,"陳素月","legislator","民主進步黨","y"
"敦促政府推動各級幼兒照護，提供優質幼兒照顧能量與設施，減輕年輕人生養的負擔，促進人口成長與回流，確保國家永續發展。",434,"陳素月","legislator","民主進步黨","y"
"持續爭取經費，強化學校的教學及學習環境，保障師生權益。",434,"陳素月","legislator","民主進步黨","y"
"保護並善用八卦山脈的生態資源，協助爭取員林市藤山步道生態園區、大村鄉五里坑相思步道等計畫，打造優質遊憩環境。",434,"陳素月","legislator","民主進步黨","y"
"確保主權、接軌世界：拒絕一國兩制，捍衛中華民國主權與人民安全，支持與世界民主國家持續合作，追求世界和平。",434,"陳素月","legislator","民主進步黨","y"
"推動校園營養午餐專法立法，讓學童吃得健康、吃得安全",438,"萬美玲","legislator","中國國民黨","y"
"檢討新課綱及學習歷程檔案成效，有效減輕教師及學生負擔",438,"萬美玲","legislator","中國國民黨","y"
"爭取桃園鐵路地下化車站，建設具地標性門戶意象， 打造前後站新商圈，發展共榮願景",438,"萬美玲","legislator","中國國民黨","y"
"推動學生輔導法修法，調降各級學校專任輔導教師員額比",438,"萬美玲","legislator","中國國民黨","y"
"要求中央提高桃園市補助經費，完善桃園重大建設",438,"萬美玲","legislator","中國國民黨","y"
"就學貸款零利率，減輕學生負擔",438,"萬美玲","legislator","中國國民黨","y"
"每二年檢討育兒津貼補助經費，依據通膨滾動式調整",438,"萬美玲","legislator","中國國民黨","y"
"爭取部立桃園醫院升格為醫學中心",438,"萬美玲","legislator","中國國民黨","y"
"儘速如期完成綠線捷運、鐵路地下化",438,"萬美玲","legislator","中國國民黨","y"
"提升護理人員待遇，加速推動三班護病比入法",438,"萬美玲","legislator","中國國民黨","y"
"解決客運缺工，增加桃園市區聯外客運班次，改善民眾通勤問題",438,"萬美玲","legislator","中國國民黨","y"
"加快國道2號中路交流道完工通車",438,"萬美玲","legislator","中國國民黨","y"
"全面協助桃園市社會住宅加速興建，健全住宅市場",438,"萬美玲","legislator","中國國民黨","y"
"將續推動海洋產業，發展都會特色海洋、漁業觀光、遊艇郵輪等。",448,"賴瑞隆","legislator","民主進步黨","y"
"爭取選區高中職國中小各項建設超過2億元。",448,"賴瑞隆","legislator","民主進步黨","y"
"將促中央、地方、企業攜手合作，增加城市綠地公園，改善空污，打造健康美麗花園城市。",448,"賴瑞隆","legislator","民主進步黨","y"
"將爭取中央支持高雄治水防洪設施，有效分配資源因應，維持社會經濟正常運作。",448,"賴瑞隆","legislator","民主進步黨","y"
"未來將持續建設新旗津，打造海洋觀光大島。",448,"賴瑞隆","legislator","民主進步黨","y"
"成功爭取國七、貨櫃車專用道、中山沿海路重鋪。將爭取中央經費，改善港工業區周邊交通道路環境。",448,"賴瑞隆","legislator","民主進步黨","y"
"將促中央地方合作，多管齊下，推動空污減污、淨零碳排目標，打造永續產業發展及宜居家園。",448,"賴瑞隆","legislator","民主進步黨","y"
"確保（大林蒲遷村計畫）居民權益、落實居住正義。",448,"賴瑞隆","legislator","民主進步黨","y"
"持續盤點閒置土地空間，促中央地方民間合作，興建停車場、室內運動場館等公共空間，提升
市民生活品質。",448,"賴瑞隆","legislator","民主進步黨","y"
"成功爭取捷運黃線、紅線延伸林園，將建立完善高雄捷運路網。",448,"賴瑞隆","legislator","民主進步黨","y"
"成功爭取高雄機場新航廈、高雄港改造，將持續爭取海空雙港建設，提升高雄港灣城市國際化形象。",448,"賴瑞隆","legislator","民主進步黨","y"
"將推動亞洲新灣區計畫，打造智慧科技、半導體及國際金融商辦重鎮，吸引國內外投資、企業人才深耕高雄。",448,"賴瑞隆","legislator","民主進步黨","y"
"完善南投外交通網",39919,"游顥","legislator","中國國民黨",NA
"推動成立新住民委員會保障權益福利",39919,"游顥","legislator","中國國民黨",NA
"落實65歲以上長輩免健保",39919,"游顥","legislator","中國國民黨",NA
"推動巴氏量表改革",39919,"游顥","legislator","中國國民黨",NA
"推動凍卵補助",39919,"游顥","legislator","中國國民黨",NA
"公立幼兒園免費、私立補助每人每月1萬元",39919,"游顥","legislator","中國國民黨",NA
"改善教育「不山不市」資源落差問題",39919,"游顥","legislator","中國國民黨",NA
"引入小兒科急重症專責醫院到南投",39919,"游顥","legislator","中國國民黨",NA
"增設台中機場國外航線",39919,"游顥","legislator","中國國民黨",NA
"發展國際數位游牧聚落，增設簽證辦法吸引國際人才與青年從投創業",39919,"游顥","legislator","中國國民黨",NA
"打通南投茶葉、農特產外銷兩岸與國際綠色通道",39919,"游顥","legislator","中國國民黨",NA
"推動太極美地計畫",39919,"游顥","legislator","中國國民黨",NA
"推動竹山二水東西向快速道路",39919,"游顥","legislator","中國國民黨",NA
"推動台中捷運延伸至南投",39919,"游顥","legislator","中國國民黨",NA
"積極開創藍海市場",39919,"游顥","legislator","中國國民黨",NA
"減輕長照者家庭負擔",39919,"游顥","legislator","中國國民黨",NA
"保障婦女生育選擇權",39919,"游顥","legislator","中國國民黨",NA
"推動「營養午餐專法」",39919,"游顥","legislator","中國國民黨",NA
"推動遠距醫療服務",39919,"游顥","legislator","中國國民黨",NA
"制定《眷村文化保存法》活化眷村聚落",39919,"游顥","legislator","中國國民黨",NA
"建立「Made in Nantou」標章（南投農特產）",39919,"游顥","legislator","中國國民黨",NA
"利用交通便捷之軍方閒置營舍，廣設青年及社會住宅。實現人人住得起、買得起的居住正義。",447,"賴惠員","legislator","民主進步黨","y"
"強化「青農返鄉計畫」，要求農業部輔導高附加、精緻化、知識化的農業，增加農業貸款及補助。讓年輕人帶著新思維、新技術、新知識返鄉，提升本土農業競爭力，鼓勵返鄉務農。",447,"賴惠員","legislator","民主進步黨","y"
"除了已聯通的南化、曾文、烏山頭等水庫，另有各種中小型埤圳，可透過既成灌溉系統，整合各種水資源再利用，使農業用水不匱乏，無需犧牲農民。產業用水也獲得足夠的備用量，全力發展在地產業，吸引各類人才。",447,"賴惠員","legislator","民主進步黨","y"
"持續爭取高鐵六甲站，在未設前，往嘉義高鐵站各線公車，憑高鐵車票可享免費轉乘優待",447,"賴惠員","legislator","民主進步黨","y"
"增加老農年金至10000 元。",447,"賴惠員","legislator","民主進步黨","y"
"加強農漁產業與學術結合。成立農業科技園區，釋出政府持有技術，發展高附加價值作物。針對畜牧、養殖業，導進數位監控與 AI 管理。搭配成大水試所，結合各漁會發展高經濟水產。",447,"賴惠員","legislator","民主進步黨","y"
"串連南科沿台一省道官田工業區、六甲工研院南分院、柳營科技工業區、新營工業區等科技 產業廊道互補提升及擴大區域，吸引產業進駐，增加工作機會，促進優秀青年返鄉工作。",447,"賴惠員","legislator","民主進步黨","y"
"利用國中小學閒置教室增設幼教空間，國民義務教育向下延伸三年，幼教托育納入國教範圍。",447,"賴惠員","legislator","民主進步黨","y"
"清查閒置或低利用率之設施及公有土地（含軍方），改建修繕成社福及老人安養機構，再次活化恢復附近區域過去榮景。如白河榮家、停用軍營、兵舍、眷村等。",447,"賴惠員","legislator","民主進步黨","y"
"在現行基礎上，提高各類生育補助、延長「有薪育嬰假」，及各種相關補助。",447,"賴惠員","legislator","民主進步黨","y"
"強力敦促改府推動公辦都更，增加容積獎勵，鼓勵危老重建。",316,"王世堅","legislator","民主進步黨",NA
"強力敦促政府修改身心障礙鑑定辦法，放寬認定標準及身障者補助條件。",316,"王世堅","legislator","民主進步黨",NA
"強力敦促政府加強水庫清淤，推動水質普檢，並增建海水淡化廠及開發再生水場。",316,"王世堅","legislator","民主進步黨",NA
"強力敦促政府優化醫療工作環境，提升醫護待遇。",316,"王世堅","legislator","民主進步黨",NA
"強力敦促政府全力開發歐洲友台之非邦交國，以產實質外交之成效。",316,"王世堅","legislator","民主進步黨",NA
"強力保障本國醫師執業權利及醫學生實習名額，捍衛本國醫學生受教權。",316,"王世堅","legislator","民主進步黨",NA
"強力敦促政府推動淨零碳排政策，以因應歐盟碳邊境稅法，並維護全球環境。",316,"王世堅","legislator","民主進步黨",NA
"強力敦促政府立即開發社子島，並解除陽明山地區之禁建。",316,"王世堅","legislator","民主進步黨",NA
"強力敦促政府廣設全日型長照機構，保障老者、身心障礙者生活需求。",316,"王世堅","legislator","民主進步黨",NA
"強力敦促國軍做好不對稱作戰準備，並加速落實潛艦國造。",316,"王世堅","legislator","民主進步黨",NA
"強力敦促政府將迷幻藥品升級為二級毒品，俾能以刑法嚇阻並強制勒戒吸食者。",316,"王世堅","legislator","民主進步黨",NA
"強力敦促政府加速建造社會住宅並提升社宅品質。",316,"王世堅","legislator","民主進步黨",NA
"就業安定基金提升長照薪資",38607,"黃健豪","legislator","中國國民黨",NA
"提高詐騙犯罪最低刑期",38607,"黃健豪","legislator","中國國民黨",NA
"全力推動台中捷運建設",38607,"黃健豪","legislator","中國國民黨",NA
"推動學齡前育兒彈性工時",38607,"黃健豪","legislator","中國國民黨",NA
"推動公幼、準公幼免學費",38607,"黃健豪","legislator","中國國民黨",NA
"放寬巴氏量表認定標準",38607,"黃健豪","legislator","中國國民黨",NA
"推動興建社宅容積獎勵",38607,"黃健豪","legislator","中國國民黨",NA
"推動校園營養午餐法",38607,"黃健豪","legislator","中國國民黨",NA
"推動新加坡模式社宅政策",38607,"黃健豪","legislator","中國國民黨",NA
"推動住宅區寧靜法",38607,"黃健豪","legislator","中國國民黨",NA
"監督行政院農業部穩定農產價格，保障物價平衡權益",44359,"邱若華","legislator","中國國民黨",NA
"監督衛福、農業、經濟相關部會，食品原料輸入之法令管制辦法，保障食品健康安全",44359,"邱若華","legislator","中國國民黨",NA
"加速推動鐵路地下化工程促進均衡發展",44359,"邱若華","legislator","中國國民黨",NA
"推動地方特色觀光",44359,"邱若華","legislator","中國國民黨",NA
"道路拓寬工程以系統管理、斷鏈補缺",44359,"邱若華","legislator","中國國民黨",NA
"青年多元居住措施，落實居住正義，確保青年居住權益",44359,"邱若華","legislator","中國國民黨",NA
"爭取増設八徳大溪市立大型綜合醫院",44359,"邱若華","legislator","中國國民黨",NA
"看護移工與長日照體系整合，改善照護品質",44359,"邱若華","legislator","中國國民黨",NA
"安定基金補助，提高本國勞工就業率，減輕家庭負擔",44359,"邱若華","legislator","中國國民黨",NA
"80歲以上取消巴氏量表",44359,"邱若華","legislator","中國國民黨",NA
"加速推動自由貿易港區，結合產官學降低成本、提高效率，提升經濟競爭力",44359,"邱若華","legislator","中國國民黨",NA
"扶養12歲以下子女，扣除額提高50%",44359,"邱若華","legislator","中國國民黨",NA
"爭取增設幼兒公托",44359,"邱若華","legislator","中國國民黨",NA
"全面監督修訂排除不合時宜之法令，爭取中央統籌分配及補助款合理編列
",44359,"邱若華","legislator","中國國民黨",NA
"擴大節能、儲能及智慧電網資源，提高調度效益，確保供電充足穩定",44359,"邱若華","legislator","中國國民黨",NA
"全面爭取預算推動地方建設發展",44359,"邱若華","legislator","中國國民黨",NA
"以核減煤與國際同步，善用核電降低碳排及空汙，降低全民電費支出，邁向無煤，達成2040無煤台灣目標",44359,"邱若華","legislator","中國國民黨",NA
"中小企業年輕人受惠放寬，基本工資調升，企業加薪可扣抵額度擴大",44359,"邱若華","legislator","中國國民黨",NA
"爭取針對醫療問題全面檢討",44359,"邱若華","legislator","中國國民黨",NA
"上市櫃公司提撥稅後盈餘做為員工加薪比例",44359,"邱若華","legislator","中國國民黨",NA
"加速八德綠線捷運延伸至中壢、大溪",44359,"邱若華","legislator","中國國民黨",NA
"提升醫療人力與量能",44359,"邱若華","legislator","中國國民黨",NA
"尋求兩岸共同認知，建立穩定和諧管道",44359,"邱若華","legislator","中國國民黨",NA
"促進兩岸民間經濟文化交流，創造和平穩定條件",44359,"邱若華","legislator","中國國民黨",NA
"加速大鶯豐德交流道建設工程，優化城市與國道連結，減輕阻塞壓力",44359,"邱若華","legislator","中國國民黨",NA
"結合在地文化產業新創",44359,"邱若華","legislator","中國國民黨",NA
"持續爭取長青照護、 社會住宅及幼兒教育之社福預算與教育補助。",404,"許智傑","legislator","民主進步黨","y"
"建設鳳山車站6+10層「空中鳳城」，打造全臺首座有影城、商場的車站，要求2024年底與大家見面！成為全臺第一個擁有電影院的車站，並提供商場、運動中心、空中禮堂、青創中心 等多樣化的服務進駐。",404,"許智傑","legislator","民主進步黨","y"
"推動高雄陸海空城市，督促高雄小港國際機場改造如期如質完成，各航線盡快復飛以及打造高雄港埠旅運中心，吸引國際郵輪作為母港，發展觀光互動旅運服務。",404,"許智傑","legislator","民主進步黨","y"
"推動國道七號核定，爭取1537.9億元，督促114年動工119年全線通車。",404,"許智傑","legislator","民主進步黨","y"
"推動捷運黃線核定成功，要求2028年全線通車。並增加設計連接三井百貨公司、衛武營國 家藝術文化中心及衛武營公園的地下街或地下聯通道。",404,"許智傑","legislator","民主進步黨","y"
"督促政府持續撥補勞保基金，以維護勞保與勞退基金的財源穩定，增進勞工退休生活保障",363,"蔡其昌","legislator","民主進步黨","y"
"爭取捷運橘線延伸清水",363,"蔡其昌","legislator","民主進步黨","y"
"輔導農民投入農業碳匯，協助漁農民取得貸款",363,"蔡其昌","legislator","民主進步黨","y"
"完善勞動法規，強化性別平等法律和政策，防制就業歧視",363,"蔡其昌","legislator","民主進步黨","y"
"捷運藍線台中港站與港務公司大樓共構",363,"蔡其昌","legislator","民主進步黨","y"
"爭取農路闢建整修",363,"蔡其昌","legislator","民主進步黨","y"
"打造海線觀光廊帶成為國際景點，持續推動綠能博物館、觀光漁港、鐵馬道等，帶動台中觀光產業發展",363,"蔡其昌","legislator","民主進步黨","y"
"完善公共運輸路網，推動海線鐵路雙軌化及山海環線輕軌建設",363,"蔡其昌","legislator","民主進步黨","y"
"爭取國際航線航班至臺中機場",363,"蔡其昌","legislator","民主進步黨","y"
"爭取整修灌溉水路",363,"蔡其昌","legislator","民主進步黨","y"
"續爭取學校設施改善，給孩子在安全舒適環境中學習成長",363,"蔡其昌","legislator","民主進步黨","y"
"持續支持海灣繪本館，續辦幸福親子藝文季",363,"蔡其昌","legislator","民主進步黨","y"
"公共場所建立友善親子設施，讓父母能夠方便地照顧和陪伴孩子。",363,"蔡其昌","legislator","民主進步黨","y"
"督促盡速完成臺1線大甲及大安溪兩座橋梁改建",363,"蔡其昌","legislator","民主進步黨","y"
"爭取「0-6歲孩子國家一起養」政策擴大照顧",363,"蔡其昌","legislator","民主進步黨","y"
NA,38377,"羅智強","legislator","中國國民黨",NA
"籌組立院連線，成立制度改革聯盟。",38377,"羅智強","legislator","中國國民黨",NA
"恢復特偵組，嚴查各項貪贓枉法的犯罪。",38377,"羅智強","legislator","中國國民黨",NA
"減輕長期照顧與高齡養護家庭的稅負負擔，並且發放照顧者津貼。",38377,"羅智強","legislator","中國國民黨",NA
"加速推動都更及危老重建修法，提供更合理的條件與容積獎勵，以提高都更的意願及速度。",38377,"羅智強","legislator","中國國民黨",NA
"簡化並加速申請移工照護的程序，提升移工技能，以確保照護品質",38377,"羅智強","legislator","中國國民黨",NA
"捍衛新聞自由，追究NCC箝制新聞。",38377,"羅智強","legislator","中國國民黨",NA
"改善食品安全監控制度，保障人民健康權益。",38377,"羅智強","legislator","中國國民黨",NA
"監督政府施政，打擊詐欺犯罪",38377,"羅智強","legislator","中國國民黨",NA
"友善婦幼，敢生好養：提高公共化托嬰托兒比例，落實婦幼福利，減輕育兒負擔。",247,"邱議瑩","legislator","民主進步黨","y"
"教育優化、投資未來：推動學費補助方案，私立大學費補助 3.5 萬、高中職全免學費",247,"邱議瑩","legislator","民主進步黨","y"
"促成冷鏈物流中心，落腳鄰近農業產地",247,"邱議瑩","legislator","民主進步黨","y"
"爭取經費整建老舊校舍、操場、廁所，優化教學環境、縮短城鄉教學差距",247,"邱議瑩","legislator","民主進步黨","y"
"防洪治水、普及自來水：持續爭取補助防洪治水、河川整治經費，打造市民親水環境，持續推
動無自來水地區延管計畫，提高自來水普及率。",247,"邱議瑩","legislator","民主進步黨","y"
"支持在地優質好米地產地消：推動學校營養午餐使用在地優質米，減少食物運送里程。",247,"邱議瑩","legislator","民主進步黨","y"
"促進農產多元内銷，拓展農產外銷通路。",247,"邱議瑩","legislator","民主進步黨","y"
"交通優化、觀光升級：爭取重要交通建設經費，並結合農村再生，運用在地觀光自然資源，配
合地方民俗節慶活動，推動深度觀光旅遊，帶動地方發展。",247,"邱議瑩","legislator","民主進步黨","y"
"農業升級、保障農民：完善農業加工體系，有效運用穩定產銷",247,"邱議瑩","legislator","民主進步黨","y"
"守護主權、堅持民主：全力推動相關政策及修法，維護台灣主體性與民主價值。",247,"邱議瑩","legislator","民主進步黨","y"
"推動再生醫療法立法、維護病人權益：確保再生醫療品質與安全，提供病患更多治療選擇，並促進生技產業發展。",247,"邱議瑩","legislator","民主進步黨","y"
"照顧銀髮、推動長照 3.0：爭取增加長照預算，促進高齡樂活，推動優質平價長照體系，健全社區關懷據點，提升機構式照顧品質與環境。",247,"邱議瑩","legislator","民主進步黨","y"
"設特偵專案組",423,"洪孟楷","legislator","中國國民黨","y"
"擴大投資醫療，補助防癌篩檢
",423,"洪孟楷","legislator","中國國民黨","y"
"推動林口影視園區、國際AI智慧園區，帶動經濟發展",423,"洪孟楷","legislator","中國國民黨","y"
"三芝海上觀景平台親水園區、石門洞打造國家級風景區
",423,"洪孟楷","legislator","中國國民黨","y"
"圓山交流道改善開工",423,"洪孟楷","legislator","中國國民黨","y"
"泰山塭仔圳全區零碳建築",423,"洪孟楷","legislator","中國國民黨","y"
"老人健保免费，減少城鄉差距",423,"洪孟楷","legislator","中國國民黨","y"
"肅槍緝毒打詐，強治安掃黑幫",423,"洪孟楷","legislator","中國國民黨","y"
"80歲以上長者免除巴氏量表",423,"洪孟楷","legislator","中國國民黨","y"
"爭取泰山-板橋輕軌",423,"洪孟楷","legislator","中國國民黨","y"
"淡北道路農曆年前正式開工",423,"洪孟楷","legislator","中國國民黨","y"
"爭取八里-淡水輕軌",423,"洪孟楷","legislator","中國國民黨","y"
"依法執行死刑，杜絕假釋黑箱",423,"洪孟楷","legislator","中國國民黨","y"
"林口、五股交流道改善完工",423,"洪孟楷","legislator","中國國民黨","y"
"八里台北港設置自由經濟專區",423,"洪孟楷","legislator","中國國民黨","y"
"推動淡海科技園區，增加在地就業機會",423,"洪孟楷","legislator","中國國民黨","y"
"爭取林口-龜山輕軌",423,"洪孟楷","legislator","中國國民黨","y"
"重啟兩岸交流",423,"洪孟楷","legislator","中國國民黨","y"
"淡江大橋2025完工",423,"洪孟楷","legislator","中國國民黨","y"
"淺水灣、白沙灣自行車串連，北台灣最佳騎乘線
",423,"洪孟楷","legislator","中國國民黨","y"
"0~6歲國家養，協助育兒養老 
",423,"洪孟楷","legislator","中國國民黨","y"
"加速橋頭科學園區，打造南部科技S廊帶核心",38413,"李柏毅","legislator","民主進步黨",NA
"爭取楠梓交流道設置引道直通楠梓產業園區",38413,"李柏毅","legislator","民主進步黨",NA
"持續增設巷弄長照據點、日照中心、住宿型長照機構，與一社宅一日照",38413,"李柏毅","legislator","民主進步黨",NA
"力拚新台17線2026年完工",38413,"李柏毅","legislator","民主進步黨",NA
"推行「長照3.0」延長長輩健康年齡",38413,"李柏毅","legislator","民主進步黨",NA
"推動生育/育兒津貼再加碼，減輕家長們負擔",38413,"李柏毅","legislator","民主進步黨",NA
"推動左營楠梓橋頭鐵路立體化",38413,"李柏毅","legislator","民主進步黨",NA
"推動捷運紫線(從高鐵站進右昌、從高雄大學到橋科)",38413,"李柏毅","legislator","民主進步黨",NA
"加速楠梓產業園區，爭取科技大廠進駐",38413,"李柏毅","legislator","民主進步黨",NA
"支持潛艦國造，堅實國防自主",38413,"李柏毅","legislator","民主進步黨",NA
"爭取中油宿舍區旗艦型日照中心照顧所有宿舍區在地長輩",38413,"李柏毅","legislator","民主進步黨",NA
"推動資安聯防網絡，打擊網路犯罪",38413,"李柏毅","legislator","民主進步黨",NA
"推動特色公園打造孩子遊戲城堡",38413,"李柏毅","legislator","民主進步黨",NA
"改善人行道問題，用路人走得安全、行得放心",38413,"李柏毅","legislator","民主進步黨",NA
"推動國防自主產業，守護台灣安全",38413,"李柏毅","legislator","民主進步黨",NA
"加速翠華路拓寬重視機車族通行安全",38413,"李柏毅","legislator","民主進步黨",NA
"推動5GAIoT產業，打造智慧科技城市",38413,"李柏毅","legislator","民主進步黨",NA
"推行0-6歲國家養、0-22歲投資未來世代",38413,"李柏毅","legislator","民主進步黨",NA
"檢討解編特定農業區，活化活用價漲歸農",38784,"涂權吉","legislator","中國國民黨",NA
"反對「1年義務役」，兩岸和平青年不用上戰場",38784,"涂權吉","legislator","中國國民黨",NA
"反對官派「水利會還給農民」",38784,"涂權吉","legislator","中國國民黨",NA
"監督落實航空城五大承諾",38784,"涂權吉","legislator","中國國民黨",NA
"重啟特偵組追查高端疫苗、進口蛋",38784,"涂權吉","legislator","中國國民黨",NA
"反對「SRF垃圾發電」進駐觀音",38784,"涂權吉","legislator","中國國民黨",NA
"反對「非核家園能源政策」，以核減煤養綠",38784,"涂權吉","legislator","中國國民黨",NA
"全面檢討課綱，重建國家認同",38784,"涂權吉","legislator","中國國民黨",NA
"反對執政黨「實質廢除死刑」",38784,"涂權吉","legislator","中國國民黨",NA
"80歲及高齡重症廢除巴氏量表",38784,"涂權吉","legislator","中國國民黨",NA
"修法加重詐欺罪刑期至20年",38784,"涂權吉","legislator","中國國民黨",NA
"調漲公糧收購價，保障農民收益",38784,"涂權吉","legislator","中國國民黨",NA
"加速辦理茶業改良場總廠南遷嘉義進度。",44685,"陳冠廷","legislator","民主進步黨",NA
"爭取在各鄉鎮合適地點廣設共融式公園。",44685,"陳冠廷","legislator","民主進步黨",NA
"改善山區步道，拓寬山區道路，完善無障礙設施。",44685,"陳冠廷","legislator","民主進步黨",NA
"道路拓寬、大巴觀光：爭取169線、159甲線、162甲線、 166線拓寬經費。",44685,"陳冠廷","legislator","民主進步黨",NA
"引進微軟、思科等科技大廠培育數位人才。",44685,"陳冠廷","legislator","民主進步黨",NA
"爭取農保品項擴大種類，分散農民種植風險。",44685,"陳冠廷","legislator","民主進步黨",NA
"民雄航太科技創新：爭取無人機產業研發資源，並結合低軌道衛星技術，推動嘉義為全球無人機產業的領航者。",44685,"陳冠廷","legislator","民主進步黨",NA
"推動大埔美三期開發。",44685,"陳冠廷","legislator","民主進步黨",NA
"主張老人健保補助全國一致。",44685,"陳冠廷","legislator","民主進步黨",NA
"爭取梅山纜車。",44685,"陳冠廷","legislator","民主進步黨",NA
"放寬巴氏量表審核標準及外籍看護申請門檻。",44685,"陳冠廷","legislator","民主進步黨",NA
"建立農產地產地銷機制，爭取食農經費補助老人食堂加菜金。",44685,"陳冠廷","legislator","民主進步黨",NA
"透過國會外交與民主國家合作。",44685,"陳冠廷","legislator","民主進步黨",NA
"提出國際實習計畫，讓嘉青年每年至少100人獲補助。",44685,"陳冠廷","legislator","民主進步黨",NA
"支持國防自主延續潛艦國造，厚植國防產業。",44685,"陳冠廷","legislator","民主進步黨",NA
"爭取幸福小黃普及，建制預約機制讓鄉親有便利交通環境。",44685,"陳冠廷","legislator","民主進步黨",NA
"放寬老農津貼排富至800萬。",44685,"陳冠廷","legislator","民主進步黨",NA
"主張完善農田水系統，爭取擴大灌溉服務，建立補助相同標準。",44685,"陳冠廷","legislator","民主進步黨",NA
"爭取台積電來嘉義設廠。",44685,"陳冠廷","legislator","民主進步黨",NA
"青農返鄉專業協助:解決青農資金、土地取得與農村老舊 三大問題。",44685,"陳冠廷","legislator","民主進步黨",NA
NA,44685,"陳冠廷","legislator","民主進步黨",NA
"爭取雲嘉南選果中心設在嘉義。",44685,"陳冠廷","legislator","民主進步黨",NA
"爭取加入CPTPP，提升台灣與他國經濟發展。",44685,"陳冠廷","legislator","民主進步黨",NA
"全面升級學童營養午餐，補助提高、食材溯源、食品安全。",44685,"陳冠廷","legislator","民主進步黨",NA
"推動農業外交，外銷農產品至國際市場。",44685,"陳冠廷","legislator","民主進步黨",NA
"擴大輔導觀光工廠結合產業體驗。
",44685,"陳冠廷","legislator","民主進步黨",NA
"建設青年專屬社宅，並創造社宅生活圈。",44685,"陳冠廷","legislator","民主進步黨",NA
"全面落實高中職免學費，並補助私校生3.5萬學雜費，縮短公私立學費差距。",44685,"陳冠廷","legislator","民主進步黨",NA
"增加農民退休儲金比例20%。",44685,"陳冠廷","legislator","民主進步黨",NA
"爭取農業生物科技園區。",44685,"陳冠廷","legislator","民主進步黨",NA
"活化閒置且評估合適的中小學校舍，作為0至2歲托育中心。",44685,"陳冠廷","legislator","民主進步黨",NA
"爭取村里社福長照據點設施有計畫的升級。",44685,"陳冠廷","legislator","民主進步黨",NA
"主張依照物價指數調漲公糧收購價。",44685,"陳冠廷","legislator","民主進步黨",NA
"傳統園區環境翻新。",44685,"陳冠廷","legislator","民主進步黨",NA
"【工作機會及勞工待遇提升】:透過產業改革和吸引投資增加就業，並修訂法規以改善勞工權益和待遇，打造 公平且受尊重的工作環境，並提供多元化的工作機會。",40131,"林沛祥","legislator","中國國民黨",NA
"【交通資源整合與現況改善】:優化市內外公共交通，改善道路設施和交通燈調控，同時鬆綁市公車及客運法 規以提升服務品質，減輕通勤者負擔，並確保城市發展的命脈。",40131,"林沛祥","legislator","中國國民黨",NA
"【城市品牌打造】:致力打造智慧共榮城市，推動綠色載具和能源轉型，並由港口出發放眼國際，強化基隆的城市品牌元素，推動國際形象與國內行銷策略;基隆自古以來就是國際貿易的樞紐之一，在當今的世界中，基隆應該走向嶄新的道路，開創自身在國際市場上的可能性。
",40131,"林沛祥","legislator","中國國民黨",NA
"【改善教育風氣並引入外部資源】:引進優質的教育資源，促成大學與高中職合作，同時接軌國際線上課程， 並爭取經費提升學校數位設備，同時開放家庭數位學習器材租借補助，提升教育品質與學子們的資源。
",40131,"林沛祥","legislator","中國國民黨",NA
"【幼兒公/私托及資源】:基隆近年為全台生育率最低，我將推動增加公托和建立友善育兒環境，如公共設施
相關補助以及友善店家政策，並鼓勵雇主提供育兒福利，同時協助家長重返職場，以解決年輕家長的經濟壓力。 
",40131,"林沛祥","legislator","中國國民黨",NA
"【地方產業與在地創生】:推動科技和文化基礎的產業轉型，提供全方位創業支援，同時開放資源和媒合平台 協助創業，將基隆打造成一個對新創友善的環境，為城市的產業結構注入新活力。",40131,"林沛祥","legislator","中國國民黨",NA
"生活｜城市榮光：關懷新住民族群需求。",1184,"黃建賓","legislator","中國國民黨",NA
"建設｜交通命脈：鐵路全面雙軌電氣化、直達班次增班。",1184,"黃建賓","legislator","中國國民黨",NA
"產業扶植：青年就業環境及工作自我價值提升。",1184,"黃建賓","legislator","中國國民黨",NA
"經濟｜發展慢經濟：農業經濟：農業加工、觀光加值、服務經濟體精緻化",1184,"黃建賓","legislator","中國國民黨",NA
"生活｜城市榮光：親子友善場域及小兒醫療品質提升。",1184,"黃建賓","legislator","中國國民黨",NA
"醫療｜科技升級：民眾需求度高的專科引入，例如眼科、皮膚科。",1184,"黃建賓","legislator","中國國民黨",NA
"產業｜產業扶植：產業升級及價值再發掘。",1184,"黃建賓","legislator","中國國民黨",NA
"青年｜返青富民：數位游牧：老屋翻新使用，政府代為管理，讓屋子有人住、房租有得收。",1184,"黃建賓","legislator","中國國民黨",NA
"青年｜返青富民：強化青年返鄉的立足點",1184,"黃建賓","legislator","中國國民黨",NA
"生活｜城市榮光：長照體系協助改善（機構、補貼及關懷鏈)",1184,"黃建賓","legislator","中國國民黨",NA
"建設｜交通命脈：公路用路品質改善。",1184,"黃建賓","legislator","中國國民黨",NA
"觀光｜創造亮點：爭取中央持續補助臺東大型活動舉辦。",1184,"黃建賓","legislator","中國國民黨",NA
"經濟｜發展慢經濟：釋迦及其他臺東特有農作物外銷協助。",1184,"黃建賓","legislator","中國國民黨",NA
"醫療｜科技升級：醫護人員工作環境改善、空間軟硬體設施升級",1184,"黃建賓","legislator","中國國民黨",NA
"建設｜交通命脈：綠島及蘭嶼等外島機場、漁港改善。",1184,"黃建賓","legislator","中國國民黨",NA
"產業｜產業扶植：創業環境及補助有效化。",1184,"黃建賓","legislator","中國國民黨",NA
"經濟｜發展慢經濟：營造生活共感的幸福步調",1184,"黃建賓","legislator","中國國民黨",NA
"青年｜返青富民：青年住宅興建、租屋資訊透明化。",1184,"黃建賓","legislator","中國國民黨",NA
"觀光｜創造亮點：推動一鄉鎮一亮點，促進城鄉觀光交流及消費",1184,"黃建賓","legislator","中國國民黨",NA
"觀光｜創造亮點：經濟鏈結留住人流與錢流",1184,"黃建賓","legislator","中國國民黨",NA
"建設｜交通命脈：豐年機場改善、飛機班次增班。",1184,"黃建賓","legislator","中國國民黨",NA
"醫療｜科技升級：保障生命安全的首要防線。",1184,"黃建賓","legislator","中國國民黨",NA
"追蹤政府宣傳標案，反制特定媒體壟斷政府文宣標案",38333,"王鴻薇","legislator","中國國民黨","y"
"開放大陸觀光客團客來台，振興台北市觀光產業",38333,"王鴻薇","legislator","中國國民黨","y"
"放寬申請社福移工限制，取消巴氏量表，减輕長照家庭壓力",38333,"王鴻薇","legislator","中國國民黨","y"
"強化校園反毒教育，打擊校園毒品，保障下一代健康",38333,"王鴻薇","legislator","中國國民黨","y"
"推動松山機場新國門計畫，打造小型航空城",38333,"王鴻薇","legislator","中國國民黨","y"
"推動核二、核三延役，以核减煤，還給台灣人乾淨空氣",38333,"王鴻薇","legislator","中國國民黨","y"
"推動防災都更，提高40年以上老屋容積獎勵，增加都更誘因，解決都會老舊住宅防災問題",38333,"王鴻薇","legislator","中國國民黨","y"
"學貸免息，减輕背學貸年輕人負擔",38333,"王鴻薇","legislator","中國國民黨","y"
"修法限制特别預算常態化，重建財政紀律，拒絕債留子孫",38333,"王鴻薇","legislator","中國國民黨","y"
"重懲詐騙集團，對電信公司、金融機構課以反詐責任",38333,"王鴻薇","legislator","中國國民黨","y"
"國中小及中等教育教育預算提高至 GDP2.5% 以上（#2019年台灣2%、日本2.6%、韓國3.4%、OECD 各國3.4%。）",1004,"丁學忠","legislator","中國國民黨",NA
"全面檢討修訂貨物稅、所得稅、房屋稅。",1004,"丁學忠","legislator","中國國民黨",NA
"65歲（含）以上長輩健保費由中央補助。",1004,"丁學忠","legislator","中國國民黨",NA
"依物價波動調升公糧收購價格，調整天然災害救助金額。",1004,"丁學忠","legislator","中國國民黨",NA
"強力監督政府，拒當 「黨意」 立委。",1004,"丁學忠","legislator","中國國民黨",NA
"青年創業、育成輔導獎勵。",1004,"丁學忠","legislator","中國國民黨",NA
"推動智慧遠距醫療、智慧遠距照顧，弭平城鄉差距。",1004,"丁學忠","legislator","中國國民黨",NA
"成立三級《網路成癮對策中心》。",1004,"丁學忠","legislator","中國國民黨",NA
"全面修繕縣內漁港，轉型漁業觀光港口，漁業升級智慧產業。",1004,"丁學忠","legislator","中國國民黨",NA
"打造生態、文化觀光軸帶，地方創生、農村再生、產業創新拚經濟。",1004,"丁學忠","legislator","中國國民黨",NA
"反對巧立名目編列 「特別預算」，拒絕債留子孫。",1004,"丁學忠","legislator","中國國民黨",NA
"偏鄉、非山非市學校建立智慧校園，實現平等教育。",1004,"丁學忠","legislator","中國國民黨",NA
"一鄉鎮一大型共融式全齡公園。",1004,"丁學忠","legislator","中國國民黨",NA
"揭示《COVID-19疫苗採購公文》、進口蛋採購合約。",1004,"丁學忠","legislator","中國國民黨",NA
"健全區域交通網絡的建設",38552,"廖先翔","legislator","中國國民黨",NA
"以對話取代對立，確保兩岸和平",38552,"廖先翔","legislator","中國國民黨",NA
"地方創生，讓青年返鄉成為可能選項",38552,"廖先翔","legislator","中國國民黨",NA
"設立創業基金，讓年輕人施展長才",38552,"廖先翔","legislator","中國國民黨",NA
"長輩的銀髮生活是否受到足夠照顧",38552,"廖先翔","legislator","中國國民黨",NA
"重啟板南線延伸汐止的評估",38552,"廖先翔","legislator","中國國民黨",NA
"每個孩子是否能受到平等的教育",38552,"廖先翔","legislator","中國國民黨",NA
"優化台鐵及大眾運輸服務的品質",38552,"廖先翔","legislator","中國國民黨",NA
"邀請總統到立法院發表國是演說",38552,"廖先翔","legislator","中國國民黨",NA
"行人通行的權益、道路平權的推動",38552,"廖先翔","legislator","中國國民黨",NA
"恢復特偵組編制，嚴格查辦政府弊案",38552,"廖先翔","legislator","中國國民黨",NA
"提高毒品及詐欺犯罪刑度。",38552,"廖先翔","legislator","中國國民黨",NA
"推動法定長照安排假30天有薪假+60天彈性請假",444,"鄭正鈐","legislator","中國國民黨","y"
"督促政府強化打詐策略，提高打詐成效。",444,"鄭正鈐","legislator","中國國民黨","y"
"勞保改革方案完成立法前，每年至少撥補1千億元，填補勞保缺口",444,"鄭正鈐","legislator","中國國民黨","y"
"督促社會住宅加速興建：爭取就業青年房租補助門檻降低",444,"鄭正鈐","legislator","中國國民黨","y"
"督促勞保改革，確保勞工權益得到充分保障。",444,"鄭正鈐","legislator","中國國民黨","y"
"爭取教育部擴大新竹地區通學專車補助",444,"鄭正鈐","legislator","中國國民黨","y"
"全面檢視政府重大標案揭發弊端，確保透明廉潔。",444,"鄭正鈐","legislator","中國國民黨","y"
"修正財劃法，提高新竹市統籌分配款。",444,"鄭正鈐","legislator","中國國民黨","y"
"制定「學校供餐法」專法，完善校園供餐體系，確保供餐品質及食品安全",444,"鄭正鈐","legislator","中國國民黨","y"
"要求盤點國有閒置土地，嚴格規範國有土地標售，大幅規劃社宅用地。",444,"鄭正鈐","legislator","中國國民黨","y"
"爭取提高竹科回饋金比例，促進共融發展。",444,"鄭正鈐","legislator","中國國民黨","y"
"推動國民教育年齡下修至五歲，讓幼兒獲得更好教育資源，减輕家長育兒負擔。",444,"鄭正鈐","legislator","中國國民黨","y"
"爭取交通部整合相關資源及補助，改善新竹市交通問題。",444,"鄭正鈐","legislator","中國國民黨","y"
"強化在職訓練，協助各種勞動者提高工作能力，進而提高勞工薪資",444,"鄭正鈐","legislator","中國國民黨","y"
"督促全面檢討社會住宅實質進度，加速提升達成率。",444,"鄭正鈐","legislator","中國國民黨","y"
"爭取青年就學貸款全面免息，延長還款年限，减輕學子經濟負擔，協助青年就業和創業",444,"鄭正鈐","legislator","中國國民黨","y"
"提高家庭長照特別扣除額至24萬元，減輕長照家庭負擔",444,"鄭正鈐","legislator","中國國民黨","y"
"推動雙語教育環境，加強母語教育",38357,"吳沛憶","legislator","民主進步黨",NA
"捷運萬大線通車，道路、人行道更新，發展沿線商圈",38357,"吳沛憶","legislator","民主進步黨",NA
"支持街舞、滑板新興運動，推展「全民體育」基層培育",38357,"吳沛憶","legislator","民主進步黨",NA
"落實透明國會資訊公開揭露",38357,"吳沛憶","legislator","民主進步黨",NA
"增設公托公幼，彈性育嬰假以「日」或「小時」計算",38357,"吳沛憶","legislator","民主進步黨",NA
"家長减壓，高中職免學費，補助私大生每年3萬5千元",38357,"吳沛憶","legislator","民主進步黨",NA
"串速中正區藝文廊道，催生親子美學空間",38357,"吳沛憶","legislator","民主進步黨",NA
"打造樂齡社區，增加銀髮健康運動據點",38357,"吳沛憶","legislator","民主進步黨",NA
"支持「台流」，扶植文化内容創作，發展影視音產業",38357,"吳沛憶","legislator","民主進步黨",NA
"主張「體育署」升級「體育部」，增加全國體育預算",38357,"吳沛憶","legislator","民主進步黨",NA
"長照住宿式機構補助提高至每人每年18萬元，強化家庭照顧者「喘息服務」",38357,"吳沛憶","legislator","民主進步黨",NA
"囤房稅2.0，遏止房屋炒作，落實《平均地權條例》",38357,"吳沛憶","legislator","民主進步黨",NA
"降低育兒負擔，公托捕助提升至7千元起，準公托及保母服務補助提升至1萬3千元",38357,"吳沛憶","legislator","民主進步黨",NA
"推動國會外交，加強民主交流",38357,"吳沛憶","legislator","民主進步黨",NA
"落實《性騷防治法》《性平工作法》、《性平教育法》",38357,"吳沛憶","legislator","民主進步黨",NA
"防治數位性暴力，性平教育再升級",38357,"吳沛憶","legislator","民主進步黨",NA
"實現居住正義，加速社會住宅興建，試辦入住輪候制",38357,"吳沛憶","legislator","民主進步黨",NA
"提高文化預算，促進藝術振興，保障藝文工作者權益",38357,"吳沛憶","legislator","民主進步黨",NA
"恢復辦理「原住民國民住宅」計畫。",43997,"伍麗華 Saidhai．Tahovecahe","aboriginalLegislator","民主進步黨","y"
"提高國小族語教師鐘點費，並依招募情形調整族語認證要求標準。",43997,"伍麗華 Saidhai．Tahovecahe","aboriginalLegislator","民主進步黨","y"
"改善巴氏量表計畫，依照不同類別，建立多元標準。",43997,"伍麗華 Saidhai．Tahovecahe","aboriginalLegislator","民主進步黨","y"
"原住民大專生學費全免。",43997,"伍麗華 Saidhai．Tahovecahe","aboriginalLegislator","民主進步黨","y"
"讓原民公費師培生優先回鄉任敎。",43997,"伍麗華 Saidhai．Tahovecahe","aboriginalLegislator","民主進步黨","y"
"普設原住民族地區住宿安養機構，提供多元公共化住宿服務。",43997,"伍麗華 Saidhai．Tahovecahe","aboriginalLegislator","民主進步黨","y"
"建立都市原住民各族群自治組織。",43997,"伍麗華 Saidhai．Tahovecahe","aboriginalLegislator","民主進步黨","y"
"推動「原住民族地區地界重測及土地清查」專案。",43997,"伍麗華 Saidhai．Tahovecahe","aboriginalLegislator","民主進步黨","y"
"提升都市原住民自有住宅率，興辦都會地區中、小型社會宅。",43997,"伍麗華 Saidhai．Tahovecahe","aboriginalLegislator","民主進步黨","y"
"設立「百億的癌症新藥基金」，降低癌症死亡率。",43997,"伍麗華 Saidhai．Tahovecahe","aboriginalLegislator","民主進步黨","y"
"建立原住民族傳統領域自然資源產業「經營事業特許制度」。",43997,"伍麗華 Saidhai．Tahovecahe","aboriginalLegislator","民主進步黨","y"
"修正《身心障礙者生活補助費發給辦法》，取消原民身心障礙者排富規定。",43997,"伍麗華 Saidhai．Tahovecahe","aboriginalLegislator","民主進步黨","y"
"推動原住民事業單位師徒制，提供誘因及獎勵輔導原住民創業。",43997,"伍麗華 Saidhai．Tahovecahe","aboriginalLegislator","民主進步黨","y"
"原住民特考職系類別擴增，提高名額。",43997,"伍麗華 Saidhai．Tahovecahe","aboriginalLegislator","民主進步黨","y"
"讓部落會議主席有薪資、部落會議有業務費。",43997,"伍麗華 Saidhai．Tahovecahe","aboriginalLegislator","民主進步黨","y"
"學校、政府委託辦理原民事務事業單位及NGO，釋出實習及工讀機會。",43997,"伍麗華 Saidhai．Tahovecahe","aboriginalLegislator","民主進步黨","y"
"以「部落會議」為基礎推動部落公法人。",43997,"伍麗華 Saidhai．Tahovecahe","aboriginalLegislator","民主進步黨","y"
"輔導第一代實驗學校，改設為國小、國中到高中的12年一貫學校。",43997,"伍麗華 Saidhai．Tahovecahe","aboriginalLegislator","民主進步黨","y"
"原鄉衛生所須優先聘用在地具語言、文化敏感度之醫事人員。",43997,"伍麗華 Saidhai．Tahovecahe","aboriginalLegislator","民主進步黨","y"
"設置原住民族輔導團，輔導原住民族教育與語言的教學。",43997,"伍麗華 Saidhai．Tahovecahe","aboriginalLegislator","民主進步黨","y"
"推動族語文化研究專書的出版推廣與再版及鄉鎮/部落正名計畫。",43997,"伍麗華 Saidhai．Tahovecahe","aboriginalLegislator","民主進步黨","y"
"改善原鄉醫護人員的工作條件、待遇、護病比。",43997,"伍麗華 Saidhai．Tahovecahe","aboriginalLegislator","民主進步黨","y"
"原住民於原住民族地區內利用水資源無需申請水權登記。",43997,"伍麗華 Saidhai．Tahovecahe","aboriginalLegislator","民主進步黨","y"
"各項原民權益法案研議應納入原住民族意見。",43997,"伍麗華 Saidhai．Tahovecahe","aboriginalLegislator","民主進步黨","y"
"結合「長照3.0」，修訂原住民族長照專章，55歲以上原住民均適用。",43997,"伍麗華 Saidhai．Tahovecahe","aboriginalLegislator","民主進步黨","y"
"制定諮商取得原住民族部落同意參與條例。",43997,"伍麗華 Saidhai．Tahovecahe","aboriginalLegislator","民主進步黨","y"
"原鄉的本地代理教師可透過課外研習轉為正式教師。",43997,"伍麗華 Saidhai．Tahovecahe","aboriginalLegislator","民主進步黨","y"
"設置原住民族文創園區，打造南島國際交流文化廊道。",43997,"伍麗華 Saidhai．Tahovecahe","aboriginalLegislator","民主進步黨","y"
"建構智慧化原住民族語音資料庫與原住民族文化資產資料庫。",43997,"伍麗華 Saidhai．Tahovecahe","aboriginalLegislator","民主進步黨","y"
"成立專責單位協助族人處理債務協商及融資貸款。",43997,"伍麗華 Saidhai．Tahovecahe","aboriginalLegislator","民主進步黨","y"
"修正《公職人員選舉罷免法》,擴大都市原住民的參政管道。",43997,"伍麗華 Saidhai．Tahovecahe","aboriginalLegislator","民主進步黨","y"
"制定《原住民族土地銀行法》，拓增原民融資管道。",43997,"伍麗華 Saidhai．Tahovecahe","aboriginalLegislator","民主進步黨","y"
"制定《反族群歧視法》，訂定具體罰則及救濟管道。",43997,"伍麗華 Saidhai．Tahovecahe","aboriginalLegislator","民主進步黨","y"
"協助原鄉中醫藥材「產業化」發展。",43997,"伍麗華 Saidhai．Tahovecahe","aboriginalLegislator","民主進步黨","y"
"持續推動《原住民族學校法》 培育「會說族語」的孩子。",43997,"伍麗華 Saidhai．Tahovecahe","aboriginalLegislator","民主進步黨","y"
"制定《原住民合作社法》，建立符合原民文化的合作社體制及法源基礎。",43997,"伍麗華 Saidhai．Tahovecahe","aboriginalLegislator","民主進步黨","y"
"原住民於原住民族地區內興建自用住宅或非營利目的可免申辦採取土石。",43997,"伍麗華 Saidhai．Tahovecahe","aboriginalLegislator","民主進步黨","y"
"廣設都市原住民族集會所，結合文健站、就業服務據點⋯⋯等複合功能。",43997,"伍麗華 Saidhai．Tahovecahe","aboriginalLegislator","民主進步黨","y"
"建立原鄉Uber緊急交通網、離島設停機坪，縮短後送時間",43997,"伍麗華 Saidhai．Tahovecahe","aboriginalLegislator","民主進步黨","y"
"原鄉各部門閒置空間之建物及土地移撥給鄉鎮公所。",43997,"伍麗華 Saidhai．Tahovecahe","aboriginalLegislator","民主進步黨","y"
"設立原住民土地法庭；讓原民土地業務公務員有專業加給。",43997,"伍麗華 Saidhai．Tahovecahe","aboriginalLegislator","民主進步黨","y"
"建置原住民族轉譯人才資料庫，將重要的資訊及技術與部落及族人互通。",43997,"伍麗華 Saidhai．Tahovecahe","aboriginalLegislator","民主進步黨","y"
"新增居家或社區的晚間到宅照顧與夜間緊急長照服務。",43997,"伍麗華 Saidhai．Tahovecahe","aboriginalLegislator","民主進步黨","y"
"原住民於原住民族地區內河川區可從事低密度種植。",43997,"伍麗華 Saidhai．Tahovecahe","aboriginalLegislator","民主進步黨","y"
"公有土地增劃編為原住民保留地不受行政區域限制。",43997,"伍麗華 Saidhai．Tahovecahe","aboriginalLegislator","民主進步黨","y"
"設置「原住民族轉型正義基金會」",43997,"伍麗華 Saidhai．Tahovecahe","aboriginalLegislator","民主進步黨","y"
"修正《勞保條例》及《農保條例》，實際從事農作的農民，均享老農津貼及喪葬補助。",43997,"伍麗華 Saidhai．Tahovecahe","aboriginalLegislator","民主進步黨","y"
"原住民族禁伐補償提升至每公頃5萬元以上。",43997,"伍麗華 Saidhai．Tahovecahe","aboriginalLegislator","民主進步黨","y"
"打造居家、社區、機構、醫療、社福一體式長照服務。",43997,"伍麗華 Saidhai．Tahovecahe","aboriginalLegislator","民主進步黨","y"
"推動 「原住民族自治法暫行條例」 的立法 , 加速原住民族自治的進程。",44427,"盧縣一","aboriginalLegislator","中國國民黨",NA
"推動 「原住民族銀行」, 充實原住民族創業基金 , 提升經濟與社會地位。",44427,"盧縣一","aboriginalLegislator","中國國民黨",NA
"爭取 「原住民族免繳健保」, 落實原住民族健康法精神 , 保障原住民族健康。",44427,"盧縣一","aboriginalLegislator","中國國民黨",NA
"推動 「原住民族運動獎勵法」 的立法 , 培訓、獎勵並保障原住民族運動人才。",44427,"盧縣一","aboriginalLegislator","中國國民黨",NA
"推動 「原住民族森林碳匯」 的立法工作 , 落實原住民族自然主權與公平正義。",44427,"盧縣一","aboriginalLegislator","中國國民黨",NA
"加速 「原住民族土地及海域法」 的立法進程 , 落實傳統領域的精神。",44427,"盧縣一","aboriginalLegislator","中國國民黨",NA
"推動 「憲法原住民族專章」 的制定 , 提升保障原住民族的地位與權益。",44427,"盧縣一","aboriginalLegislator","中國國民黨",NA
"、推動 「原住民文化藝術音樂獎勵辦法」, 獎勵、培養原住民族文化藝術音樂人才。",44427,"盧縣一","aboriginalLegislator","中國國民黨",NA
"推動 「原住民族教育法」 修法 , 原住民重點學校校長、主任一律由原住民擔任 , 強化教育主體性。",44427,"盧縣一","aboriginalLegislator","中國國民黨",NA
"推動 「原住民族交通平權法」 的立法工作 , 強化原鄉部落道路交通安全。",44427,"盧縣一","aboriginalLegislator","中國國民黨",NA
"推動 「原住民族文化資產保護法」 的立法工作 , 加速原住民族文物返還與保護。",44427,"盧縣一","aboriginalLegislator","中國國民黨",NA
"推動 「原住民族土地調查及處理委員會組織法」, 實踐原住民族土地正義。",44427,"盧縣一","aboriginalLegislator","中國國民黨",NA
"為人民服務，捍衛原住民族主權，一起進立法院籌組原住民族黨團說明會。",279,"高金素梅","aboriginalLegislator","無黨籍及未經政黨推薦","y"
"增進原住民勞工照顧：勞保補助、免費健檢、增進職業安全衛生教育！",343,"陳瑩","flatAboriginalLegislator","民主進步黨","y"
"支持族人返鄉服務：讓公部門調任與升遷更順暢！",343,"陳瑩","flatAboriginalLegislator","民主進步黨","y"
"紀錄傳承原住民文化藝術及人物故事：讓文化妥善典藏運用",343,"陳瑩","flatAboriginalLegislator","民主進步黨","y"
"陳瑩將持續推動族群平等尊重、原住民族土地及海域法、自治、金庫等法案！",343,"陳瑩","flatAboriginalLegislator","民主進步黨","y"
"推動全民原教、落實族群主流化：讓原住民族受到理解與尊重",343,"陳瑩","flatAboriginalLegislator","民主進步黨","y"
"提升原住民土地價值：讓保留地能發展產業、也能順利貸款",343,"陳瑩","flatAboriginalLegislator","民主進步黨","y"
"保障原住民體育人才：事案培育、協助就業！",343,"陳瑩","flatAboriginalLegislator","民主進步黨","y"
"照顧族人居住權益：讓族人租得起、買得到，住得好！",343,"陳瑩","flatAboriginalLegislator","民主進步黨","y"
"族語發展AI化：改善族語學習困境！",343,"陳瑩","flatAboriginalLegislator","民主進步黨","y"
"深化原住民外交：讓世界看見台灣原住民族！",343,"陳瑩","flatAboriginalLegislator","民主進步黨","y"
"【傳承傳統競技 培育體育人才】「持續爭取」相關培育經費，專款培育體育人才。",36987,"黃仁","flatAboriginalLegislator","中國國民黨",NA
"【捍衛原住民保留地】落實原基法，反對原保地解編根據〈原基法第二條〉的定義，原住民
族土地包含了「既有的原住民保留地」以及「傳統領域」兩項，原住民保留地政策。",36987,"黃仁","flatAboriginalLegislator","中國國民黨",NA
"【居住正義】全力爭取全國各縣市，建蓋專屬原住民社會文化住宅。",36987,"黃仁","flatAboriginalLegislator","中國國民黨",NA
"【原住民保留地應放寬多功能使用】原住民保留地造林納入碳權交易標的，以取代微不足道
的禁伐補償金。",36987,"黃仁","flatAboriginalLegislator","中國國民黨",NA
"【監督落實「原住民族基本法」】落實《花東地區發展條例》明定之原住民族權益條款。",36987,"黃仁","flatAboriginalLegislator","中國國民黨",NA
"【修法保障原住民族勞工權益! 】爭取原住民族勞工投保補助。",36987,"黃仁","flatAboriginalLegislator","中國國民黨",NA
"【爭取原民教育福利】國小至大學學費由中央、地方政府全額補助。",36987,"黃仁","flatAboriginalLegislator","中國國民黨",NA
"【65 歲國家養】對於「65 歲領不到老人年金」族群，黃仁將提案爭取延續(原住民給付)為
終身領取。",36987,"黃仁","flatAboriginalLegislator","中國國民黨",NA
"【打造最多元頂尖-原住民完全中學】提供下一代完善教育環境，傳承原民文化，讓原住民
族教育權獲得保障。",36987,"黃仁","flatAboriginalLegislator","中國國民黨",NA
"【 0-6 歲國家養】1.爭取原住民族生產獎勵金 2.提升原住民族育兒補助。",36987,"黃仁","flatAboriginalLegislator","中國國民黨",NA
"興建原住民族社會住宅，提高租屋、購屋及修繕補助。",44003,"鄭天財 Sra．Kacaw","flatAboriginalLegislator","中國國民黨","y"
"立法要求政府將台灣省土地權利清理辦法第8條收歸國有之土地劃設為原住民保留地，制定原住民土地及海域法。",44003,"鄭天財 Sra．Kacaw","flatAboriginalLegislator","中國國民黨","y"
"經濟就業：推動銀行專案辦理原住民低利率貸款、儲蓄互助社專案利率，擴大政府、公營事業及公設財團法人進用原住民",44003,"鄭天財 Sra．Kacaw","flatAboriginalLegislator","中國國民黨","y"
"自然資源：立法開放使用安全有效之制式獵槍，推動都會區漁獵及海河岸採集權。",44003,"鄭天財 Sra．Kacaw","flatAboriginalLegislator","中國國民黨","y"
"設置部落公法人，制定原住民族自治法，共管區暨先導自治區計置。",44003,"鄭天財 Sra．Kacaw","flatAboriginalLegislator","中國國民黨","y"
"設置原住民族建設發展基金，增加部落、文化、體育發展經費，持續推動花東鐵路雙軌化、花東快速道路，蘇花改二期工程，加強經濟產業及農田灌溉建股，普及機動幸福巴士。",44003,"鄭天財 Sra．Kacaw","flatAboriginalLegislator","中國國民黨","y"
"語言文化：提高族語老師及語推人員待遇，增加部落、教會及同會等語言文化紮根據點。設置族群頜袖頭目文化傳承事務補助費。",44003,"鄭天財 Sra．Kacaw","flatAboriginalLegislator","中國國民黨","y"
"都市原住民：增加都原發展經費—興建集會所、祭典場所，強化安居、就學、就業、融資、就養、健康及社會適應等發展方案",44003,"鄭天財 Sra．Kacaw","flatAboriginalLegislator","中國國民黨","y"
"0-6 歲公私立托育托教實質免費，提高原住民大學（專）生學雜費减免，學貸免利息。設置原住民學校。",44003,"鄭天財 Sra．Kacaw","flatAboriginalLegislator","中國國民黨","y"
"原民勞保補助。勞工退休、老農津貼、台鐵／高鐵敬老票等原民調降至55歲。提升原鄉醫護資源。",44003,"鄭天財 Sra．Kacaw","flatAboriginalLegislator","中國國民黨","y"
"開辦原民長照保險。加速增設文健站。",44003,"鄭天財 Sra．Kacaw","flatAboriginalLegislator","中國國民黨","y"
"促進在地與多元文化發展，爭取國家電影文化中心二期儘早落成",322,"吳秉叡","legislator","民主進步黨","y"
"促進醫療產業發展及相關醫護人員待遇改善，強化兒少守護及心理輔導，提高對孕幼、長者的健康照護。",322,"吳秉叡","legislator","民主進步黨","y"
"打擊詐騙，監督租賃及融資公司金融風險。",322,"吳秉叡","legislator","民主進步黨","y"
"持續優化交通瓶頸、改善行人通行環境，解決停車問題。",322,"吳秉叡","legislator","民主進步黨","y"
"推動減稅利民。",322,"吳秉叡","legislator","民主進步黨","y"
"推動電纜地下化。",322,"吳秉叡","legislator","民主進步黨","y"
"提升育兒人員待遇，提高不孕症協助，爭取凍卵補助，早產兒養育照護。",322,"吳秉叡","legislator","民主進步黨","y"
"提高青年房貸及租金補貼、推動興建社會住宅，減輕居住壓力。",322,"吳秉叡","legislator","民主進步黨","y"
"放寬救助條件，擴大社會安全網。",322,"吳秉叡","legislator","民主進步黨","y"
"早產兒養育照護，爭取凍卵補助、提高不孕症協助，減輕生兒、育兒壓力。",322,"吳秉叡","legislator","民主進步黨","y"
"爭取泰板輕軌和西盛支線落實。",322,"吳秉叡","legislator","民主進步黨","y"
"督促解決產業面臨的困境、加強扶持新興產業 發展，監督國內外經濟風險，強化輔導青年創業 ，改善勞動權益。",322,"吳秉叡","legislator","民主進步黨","y"
"維護台灣和平穩定、提升防衛力量、強化經濟安全，確保民主永續。",322,"吳秉叡","legislator","民主進步黨","y"
"續行改善新莊居住環境，持續優化水環境，解決廢水排放問題，爭取增加綠地及休憩空間。",322,"吳秉叡","legislator","民主進步黨","y"
"長照制度再優化，提高照護補助、擴大服務 範圍、增加照護彈性、強化服務品質、串聯長照資源，守護不中斷，減輕照護家庭壓力。",322,"吳秉叡","legislator","民主進步黨","y"
"增訂不法餽贈罪、影響力交易罪",NA,"台灣民眾黨","nonRegionalLegislator","台灣民眾黨","y"
"落實資本適足監理，防範金融系統性風險",NA,"台灣民眾黨","nonRegionalLegislator","台灣民眾黨","y"
"將動保議題正式列入生命教育課綱中",NA,"台灣民眾黨","nonRegionalLegislator","台灣民眾黨","y"
"新增閣揆和其他人事同意權",NA,"台灣民眾黨","nonRegionalLegislator","台灣民眾黨","y"
"立委選制改為混合聯立制",NA,"台灣民眾黨","nonRegionalLegislator","台灣民眾黨","y"
"借鏡荷蘭採取「區間制」 ，勞工可增減工時、決定工作型態",NA,"台灣民眾黨","nonRegionalLegislator","台灣民眾黨","y"
"增員動物保護檢查員人力",NA,"台灣民眾黨","nonRegionalLegislator","台灣民眾黨","y"
"打破黑箱假釋、增訂妨害司法公正罪",NA,"台灣民眾黨","nonRegionalLegislator","台灣民眾黨","y"
"制定《吹哨者保護法》",NA,"台灣民眾黨","nonRegionalLegislator","台灣民眾黨","y"
"動物醫療體系化以及動物長照普及全國，建立動物安養機制",NA,"台灣民眾黨","nonRegionalLegislator","台灣民眾黨","y"
"支持警消、降低組工會門檻",NA,"台灣民眾黨","nonRegionalLegislator","台灣民眾黨","y"
"嚴打黑金槍毒詐、強化犯罪偵查能量",NA,"台灣民眾黨","nonRegionalLegislator","台灣民眾黨","y"
"改革勞保年金、捍衛勞工權益",NA,"台灣民眾黨","nonRegionalLegislator","台灣民眾黨","y"
"強化醫護制度保障，提高實質待遇",NA,"台灣民眾黨","nonRegionalLegislator","台灣民眾黨","y"
"修正《預算法》與《公共債務法》",NA,"台灣民眾黨","nonRegionalLegislator","台灣民眾黨","y"
"強化動保公權力",NA,"台灣民眾黨","nonRegionalLegislator","台灣民眾黨","y"
"制定《反媒體壟斷法》",NA,"台灣民眾黨","nonRegionalLegislator","台灣民眾黨","y"
"提升人事同意權審查密度",NA,"台灣民眾黨","nonRegionalLegislator","台灣民眾黨","y"
"降低師生比、提高幼保人員待遇",NA,"台灣民眾黨","nonRegionalLegislator","台灣民眾黨","y"
"定期邀請總統國情報告",NA,"台灣民眾黨","nonRegionalLegislator","台灣民眾黨","y"
"（黃國昌承諾）推動棄保潛逃罪",NA,"台灣民眾黨","nonRegionalLegislator","台灣民眾黨","y"
"開徵中央囤房／空屋稅，引導空屋出租使用",NA,"台灣民眾黨","nonRegionalLegislator","台灣民眾黨","y"
"消弭職場年齡歧視",NA,"台灣民眾黨","nonRegionalLegislator","台灣民眾黨","y"
"杜絕權貴司法、重懲不法關說",NA,"台灣民眾黨","nonRegionalLegislator","台灣民眾黨","y"
"關閉炒房制度後門，重建服務實體經濟的金融
",NA,"台灣民眾黨","nonRegionalLegislator","台灣民眾黨","y"
"動物醫療體系化、動物護理師制度化",NA,"台灣民眾黨","nonRegionalLegislator","台灣民眾黨","y"
"杜絕浮濫舉債與特別預算",NA,"台灣民眾黨","nonRegionalLegislator","台灣民眾黨","y"
"推動《中高齡者及高齡者就業促進法》修法",NA,"台灣民眾黨","nonRegionalLegislator","台灣民眾黨","y"
"建立國會聽證調查制度",NA,"台灣民眾黨","nonRegionalLegislator","台灣民眾黨","y"
"推動綠色稅改，強化產業節能",NA,"台灣民眾黨","nonRegionalLegislator","台灣民眾黨","y"
"（邱慧洳認為）在醫療訴訟當中，應該要以專家證人制度取代醫療鑑定",NA,"台灣民眾黨","nonRegionalLegislator","台灣民眾黨","y"
"嚴禁黨政黑手介入公共媒體，支持內容產業、獎勵優質作品",NA,"台灣民眾黨","nonRegionalLegislator","台灣民眾黨","y"
"推動《反族群歧視法》、《新住民基本法》",NA,"台灣民眾黨","nonRegionalLegislator","台灣民眾黨","y"
"鼓勵雇主提供更具彈性的工作模式",NA,"台灣民眾黨","nonRegionalLegislator","台灣民眾黨","y"
"完善財政收支劃分制度，健全地方自治",NA,"台灣民眾黨","nonRegionalLegislator","台灣民眾黨","y"
"輔導產業淨零轉型，接軌國際",NA,"台灣民眾黨","nonRegionalLegislator","台灣民眾黨","y"
"社宅採輪候制，監督政府積極推動",NA,"台灣民眾黨","nonRegionalLegislator","台灣民眾黨","y"
"（邱慧洳認為）法官與檢察官，應該要參加醫事專業研習、進修時數",NA,"台灣民眾黨","nonRegionalLegislator","台灣民眾黨","y"
"設金融穩定委員會、風險基礎AI金融檢查",NA,"台灣民眾黨","nonRegionalLegislator","台灣民眾黨","y"
"建立公共醫療能量：成立公立動物醫院並培養公費獸醫師",NA,"台灣民眾黨","nonRegionalLegislator","台灣民眾黨","y"
"推動再生能源，促進永續發展",NA,"台灣民眾黨","nonRegionalLegislator","台灣民眾黨","y"
"改革區徵與重劃，必須供給平價住宅",NA,"台灣民眾黨","nonRegionalLegislator","台灣民眾黨","y"
"制定《學校午餐專法》、《兒童托育服務法》",NA,"台灣民眾黨","nonRegionalLegislator","台灣民眾黨","y"
"設金融消費者保護局、源頭管制金融詐騙",NA,"台灣民眾黨","nonRegionalLegislator","台灣民眾黨","y"
"推動租屋透明化，可抵稅、設籍、領租屋補助
",NA,"台灣民眾黨","nonRegionalLegislator","台灣民眾黨","y"
"推動「長照3.0」 擴大社區長照服務涵蓋率",NA,"民主進步黨","nonRegionalLegislator","民主進步黨","y"
"完善農民福利體系、推動地方創生、均衡區域發展。",NA,"民主進步黨","nonRegionalLegislator","民主進步黨","y"
"推動「囤房稅 2.0」，2016年至2032年共興辦25萬戶社會住宅、25 萬戶包租代管、50萬戶租金補貼
",NA,"民主進步黨","nonRegionalLegislator","民主進步黨","y"
"發展多元綠能，推動深度節能、科技儲能及智慧電網，確保供電穩定與電力去碳化",NA,"民主進步黨","nonRegionalLegislator","民主進步黨","y"
"完成《最低工資法》立法、支持勞保財務穩定",NA,"民主進步黨","nonRegionalLegislator","民主進步黨","y"
"讓世界上架台灣，提高文化預算",NA,"民主進步黨","nonRegionalLegislator","民主進步黨","y"
"推動「0-6歲國家一起養2.0」，全面落實高中職免學費補助私立大專院校學生每年3.5萬學雜費。",NA,"民主進步黨","nonRegionalLegislator","民主進步黨","y"
"以30年深耕兒童交通安全領域、400座縣市特色公園的經驗為起點，為下一代提供更多元友善的成長空間。",NA,"民主進步黨","nonRegionalLegislator","民主進步黨","y"
"提出「族群主流化 政策綱領」，迎向客家、原民、新住民多元共榮的民主共同體",NA,"民主進步黨","nonRegionalLegislator","民主進步黨","y"
"民主和平，維持現狀，以「中華民國台灣」團結台灣社會，以「四個堅持」維持現狀",NA,"民主進步黨","nonRegionalLegislator","民主進步黨","y"
"投資人才，帶動經濟創新成長",NA,"民主進步黨","nonRegionalLegislator","民主進步黨","y"
"四大支柱，追求和平，保持務實一致的兩岸政策，以具體且負責任的行動向全世界展現台灣致力維持現狀、追求台海和 平的決心。",NA,"民主進步黨","nonRegionalLegislator","民主進步黨","y"
"（王義川提出）全面取消區間測速",NA,"民主進步黨","nonRegionalLegislator","民主進步黨","y"
"堅定打擊黑金、 槍、毒與詐騙",NA,"民主進步黨","nonRegionalLegislator","民主進步黨","y"
"設立「百億癌症新藥基金」，優化兒少醫療",NA,"民主進步黨","nonRegionalLegislator","民主進步黨","y"
"在校園、職場、社會推動多元全齡的性別平等教育",NA,"民主進步黨","nonRegionalLegislator","民主進步黨","y"
"強韌自由民主體制，打造成熟公民識讀，不受錯假資訊誤導，與國際同盟連結，守護台灣目前所擁有的生活方式。",NA,"民主進步黨","nonRegionalLegislator","民主進步黨","y"
"（王義川提出）科技執法找對重點：公車站、併排停車熱點區，才應該科技執法。",NA,"民主進步黨","nonRegionalLegislator","民主進步黨","y"
"（王義川提出）機車左轉新政策",NA,"民主進步黨","nonRegionalLegislator","民主進步黨","y"
"兩岸關係和平穩定",NA,"中國國民黨","nonRegionalLegislator","中國國民黨","y"
"平民怨廢巴氏量表",NA,"中國國民黨","nonRegionalLegislator","中國國民黨","y"
"挺長者長照大提升",NA,"中國國民黨","nonRegionalLegislator","中國國民黨","y"
"實現全民居住正義",NA,"中國國民黨","nonRegionalLegislator","中國國民黨","y"
"經濟發展全民共享",NA,"中國國民黨","nonRegionalLegislator","中國國民黨","y"
"掃槍毒詐騙防暴力",NA,"中國國民黨","nonRegionalLegislator","中國國民黨","y"
"創新政府政治革新",NA,"中國國民黨","nonRegionalLegislator","中國國民黨","y"
"教育升值投資加倍",NA,"中國國民黨","nonRegionalLegislator","中國國民黨","y"
"照顧長者健保免費",NA,"中國國民黨","nonRegionalLegislator","中國國民黨","y"
"經濟轉型解決低薪",NA,"中國國民黨","nonRegionalLegislator","中國國民黨","y"
"以綠永續以核減煤",NA,"中國國民黨","nonRegionalLegislator","中國國民黨","y"
"撥補改革搶救勞保",NA,"中國國民黨","nonRegionalLegislator","中國國民黨","y"
